payee,total_spend,transaction_count,years_active,first_year,last_year,agencies_served,agency_list,funds_used,expenditure_types,CATEGORY,DESCRIPTION,LICENSENO,ADDRESS1,CITY,STATE,ZIPCODE,EMAIL,DAYTIMEPHONE,sos_org_number,sos_status,sos_standing,sos_company_type,sos_industry,sos_employees,sos_county,sos_file_date,sos_principal_office,sos_managed_by,sos_registered_agent,sos_officers
Louisville Gas & Electric Company,347187036.6,401183,19,2008,2026,27,Air Pollution Control District; Community Services & Revitalization; County Clerk; Develop Louisville; Economic Development; Elected Officials; Emergency Medical Services; Emergency Services & MetroSafe; Facilities & Fleet Management; Human Services; KentuckianaWorks; Louisville Fire; Louisville Free Public Library; Louisville Metro Council; Louisville Metro Police Department; Louisville Zoo; Mayor's Office; Metro Technology Services; Neighborhoods; OMB Finance; Office of Housing & Community Development; Parks & Recreation; Public Health & Wellness; Public Protection; Public Works & Assets; Related Agencies; Waterfront Development Corporation,69,4,,,,,,,,,,32196.0,A - Active,G - Good,KCO - Kentucky Corporation,"Electric, Gas and Sanitary Services",Large (100+),Jefferson,7/2/1913,"820 WEST BROADWAY LOUISVILLE, KY, 40202",,"C T CORPORATION SYSTEM 306 W MAIN ST SUITE 512 FRANKFORT, KY, 40601","President: John R. Crockett III; Secretary: John P. Fendig; Vice President: Chris M. Garrett; Vice President: Steven B. Turner; Director: Joseph P. Bergstein, Jr.; Director: Angela K. Gosman; Director: Vincent Sorgi; Director: Wendy E. Stark; Director: Dean A. Del Vecchio"
Hall Contracting of Kentucky Inc,162366031.08,2981,12,2015,2026,8,Develop Louisville; Economic Development; Facilities & Fleet Management; Louisville Fire; Metro Animal Services; OMB Finance; Parks & Recreation; Public Works & Assets,34,4,,,,,,,,,,482925.0,A - Active,G - Good,KCO - Kentucky Corporation,"Electric, Gas and Sanitary Services",Large (100+),Jefferson,11/4/1999,"3800 CRITTENDEN DRIVE LOUISVILLE, KY, 40209",,"STEPHEN M. PRIEBE 3800 CRITTENDEN DRIVE LOUISVILLE, KY, 40209",
LOUISVILLE METRO AFFORDABLE HOUSING TRUST FUND,98844462.86,275,4,2023,2026,2,Develop Louisville; Office of Housing & Community Development,3,2,,,,,,,,,,,,,,,,,,,,,
Motorola Solutions Inc,89685909.65,835,19,2008,2026,18,Alcoholic Beverage Control; Codes & Regulations; Community Services & Revitalization; Criminal Justice Commission; Department of Corrections; Elected Officials; Emergency Medical Services; Emergency Services & MetroSafe; Facilities & Fleet Management; Louisville Fire; Louisville Metro Police Department; Metro Technology Services; OMB Finance; Parks & Recreation; Public Health & Wellness; Public Protection; Public Works & Assets; Youth Transitional Services,24,4,,,,,,,,,,64757.0,A - Active,G - Good,FCO - Foreign Corporation,"Electric, Gas and Sanitary Services",Large (100+),Jefferson,5/4/1973,"500 WEST MONROE STREET CHICAGO, IL, 60661",,"C T CORPORATION SYSTEM 306 W MAIN ST SUITE 512 FRANKFORT, KY, 40601",President: Gregory Q. Brown; Secretary: Kristin Kruska; Director: Gregory Q. Brown
FLEETONE,81265406.14,977,11,2008,2018,4,Facilities & Fleet Management; OMB Finance; Public Works & Assets; Related Agencies,1,1,,,,,,,,,,,,,,,,,,,,,
FLYNN BROTHERS CONTRACTING INC,74750020.63,1813,19,2008,2026,12,Economic Development; Facilities & Fleet Management; Louisville Metro Police Department; Louisville Zoo; OMB Finance; Office of Housing & Community Development; Parks & Recreation; Public Health & Wellness; Public Protection; Public Works & Assets; Related Agencies; Youth Detention Services,42,4,,,,,,,,,,75436.0,A - Active,G - Good,KCO - Kentucky Corporation,"Electric, Gas and Sanitary Services",Large (100+),Jefferson,9/28/1976,"P. O. BOX 32065 LOUISVILLE, KY, 402322065",,"STEVE E. MOSSHOLDER, JR. 4515 BISHOP LN STE A LOUISVILLE, KY, 40218",
Sullivan & Cozart Inc,70577222.4,264,19,2008,2026,7,Economic Development; Louisville Free Public Library; Louisville Zoo; Office of Housing & Community Development; Parks & Recreation; Public Works & Assets; Youth Detention Services,19,4,,,,,,,,,,49897.0,A - Active,G - Good,KCO - Kentucky Corporation,"Electric, Gas and Sanitary Services",Large (100+),Jefferson,7/1/1947,"BOX 953 LOUISVILLE, KY, 40201",,"THOMAS E. ROMA, JR. MANION STIGGER, LLP 2301 RIVER ROAD SUITE 101 LOUISVILLE, KY, 40206",
Humana Health Plan Inc,67161552.39,887,17,2008,2026,6,Economic Development; Emergency Services & MetroSafe; Human Resources; Insurance & Claims; OMB Finance; Public Health & Wellness,4,2,,,,,,,,,,179546.0,A - Active,G - Good,KCO - Kentucky Corporation,"Electric, Gas and Sanitary Services",Large (100+),Jefferson,8/23/1982,"101 EAST MAIN STREET LOUISVILLE, KY, 40202",,"C T CORPORATION SYSTEM 306 W. MAIN ST, SUITE 512 FRANKFORT, KY, 40601",President: George Renaudin II; Director: Joseph Matthew Ruschell; Director: Courtney Danielle Durall; Director: Sean Joseph O'Reilly
JEFFERSON COUNTY CLERK,66505410.43,1019,19,2008,2026,29,Air Pollution Control District; Codes & Regulations; Community Services & Revitalization; County Clerk; Department of Corrections; Develop Louisville; Economic Development; Elected Officials; Emergency Services & MetroSafe; Facilities & Fleet Management; Human Services; Louisville Fire; Louisville Free Public Library; Louisville Metro Council; Louisville Metro Police Department; Louisville Zoo; Mayor's Office; Metro Technology Services; OMB Finance; Office of Housing & Community Development; Office of Inspector General; Other Statutory Obligations; Parks & Recreation; Public Health & Wellness; Public Protection; Public Works & Assets; Related Agencies; Waterfront Development Corporation; Youth Detention Services,41,4,,,,,,,,,,,,,,,,,,,,,
GENUINE PARTS COMPANY,63082675.72,7344,13,2014,2026,15,Air Pollution Control District; Codes & Regulations; Criminal Justice Commission; Department of Corrections; Emergency Medical Services; Emergency Services & MetroSafe; Facilities & Fleet Management; Louisville Fire; Louisville Free Public Library; Louisville Metro Police Department; Louisville Zoo; OMB Finance; Parks & Recreation; Public Health & Wellness; Public Works & Assets,14,4,,,,,,,,,,196731.0,A - Active,G - Good,FCO - Foreign Corporation,"Electric, Gas and Sanitary Services",Large (100+),Jefferson,12/26/1984,"2999 WILDWOOD PARKWAY ATLANTA, GA, 30339",,"C T CORPORATION SYSTEM 306 W. MAIN STREET SUITE 512 FRANKFORT, KY, 40601",President: William Stengel II; Secretary: Christopher Galla; Treasurer: Matt Brigham; Director: William Stengel II
Louisville Paving Company Inc,62908102.75,930,18,2008,2026,3,Parks & Recreation; Public Works & Assets; Waterfront Development Corporation,28,4,,,,,,,,,,326786.0,A - Active,G - Good,KCO - Kentucky Corporation,"Electric, Gas and Sanitary Services",Large (100+),Jefferson,2/22/1994,"15415 SHELBYVILLE ROAD LOUISVILLE, KY, 40245",,"Luke Fitzgerald 15415 SHELBYVILLE ROAD LOUISVILLE, KY, 40245",
Waste Management of Kentucky LLC,55446705.1,5876,19,2008,2026,18,Codes & Regulations; Community Services & Revitalization; Department of Corrections; Develop Louisville; Economic Development; Elected Officials; Facilities & Fleet Management; Human Services; Louisville Fire; Louisville Free Public Library; Louisville Metro Council; Louisville Zoo; OMB Finance; Office of Housing & Community Development; Parks & Recreation; Public Protection; Public Works & Assets; Related Agencies,21,3,,,,,,,,,,404430.0,I - Inactive,G - Good,FLC - Foreign Limited Liability Company,"Electric, Gas and Sanitary Services",Large (100+),Jefferson,8/18/1995,"800 CAPITOL STREET SUITE 3000 HOUSTON, TX, 77002",,"C T CORPORATION SYSTEM 306 W MAIN ST SUITE 512 FRANKFORT, KY, 40601",
CDW LLC,53682588.2,11170,19,2008,2026,49,Air Pollution Control District; Alcoholic Beverage Control; Codes & Regulations; Community Services & Revitalization; Criminal Justice Commission; Department of Corrections; Develop Louisville; Economic Development; Elected Officials; Emergency Medical Services; Emergency Services & MetroSafe; Facilities & Fleet Management; Group Violence Intervention; Human Relations Commission; Human Resources; Human Services; Insurance & Claims; Jefferson County Attorney; Jefferson County Coroner; KentuckianaWorks; Louisville Fire; Louisville Free Public Library; Louisville Metro Council; Louisville Metro Police Department; Louisville Zoo; Mayor's Office; Metro Animal Services; Metro TV; Metro Technology Services; OMB Finance; Office for Safe & Healthy Neighborhoods; Office of Equity; Office of Housing & Community Development; Office of Inspector General; Office of Internal Audit; Office of Performance Improvement; Office of Planning; Office of Strategic Initiatives; Office of Sustainability; Office of Violence Prevention; Parking Authority (PARC); Parks & Recreation; Public Health & Wellness; Public Protection; Public Works & Assets; Records Compliance; Related Agencies; Youth Detention Services; Youth Transitional Services,72,4,,,,,,,,,,1172328.0,A - Active,G - Good,FLC - Foreign Limited Liability Company,"Electric, Gas and Sanitary Services",Large (100+),Jefferson,10/11/2021,"200 N. MILWAUKEE AVENUE VERNON HILLS, IL, 60061",,"Corporation Service Company 315 HIGH STREET FRANKFORT, KY, 40601",Manager: Lynda Clarizio; Manager: Virginia C. Addicott; Manager: James A. Bell; Manager: Benjamin D. Chereskin; Member: CDW Corporation
WEX INC,53658551.19,120,9,2018,2026,1,Facilities & Fleet Management,2,2,,,,,,,,,,872445.0,I - Inactive,G - Good,FLC - Foreign Limited Liability Company,"Electric, Gas and Sanitary Services",Large (100+),Jefferson,11/19/2013,"4321 20TH AVE SW FARGO, ND, 58103",,"KY SECRETARY OF STATE 1025 Capital Center Drive Suite 201 Frankfort, KY, 40601",
AT&T SERVICES INC,49983521.04,5107,18,2008,2025,24,Codes & Regulations; Community Services & Revitalization; Department of Corrections; Develop Louisville; Economic Development; Elected Officials; Emergency Services & MetroSafe; Human Resources; Louisville Fire; Louisville Free Public Library; Louisville Metro Council; Louisville Metro Police Department; Louisville Zoo; Mayor's Office; Metro Animal Services; Metro Technology Services; Neighborhoods; OMB Finance; Parks & Recreation; Policy & Strategic Planning; Public Health & Wellness; Public Protection; Public Works & Assets; Related Agencies,20,4,,,,,,,,,,334739.0,I - Inactive,G - Good,FCO - Foreign Corporation,"Electric, Gas and Sanitary Services",Large (100+),Jefferson,8/19/1994,"A NEIDICH C/O ALCATEL-LUCENT 600 MOUNTAIN AVENUE-6B334 MURRAY HILL, NJ, 07974",,"KY SECRETARY OF STATE 1025 Capital Center Drive Suite 201 Frankfort, KY, 40601",
LOUISVILLE JEFF CO PUBLIC DEFENDER CORP,48690500.0,17,16,2008,2024,2,Elected Officials; Other Statutory Obligations,2,2,,,,,,,,,,334739.0,I - Inactive,G - Good,FCO - Foreign Corporation,"Electric, Gas and Sanitary Services",Large (100+),Jefferson,8/19/1994,"A NEIDICH C/O ALCATEL-LUCENT 600 MOUNTAIN AVENUE-6B334 MURRAY HILL, NJ, 07974",,"KY SECRETARY OF STATE 1025 Capital Center Drive Suite 201 Frankfort, KY, 40601",
Louisville Arena Authority Inc,44400000.0,4,4,2023,2026,1,OMB Finance,1,1,,,,,,,,,,629700.0,A - Active,G - Good,KCO - Kentucky Corporation,"Electric, Gas and Sanitary Services",Large (100+),Jefferson,1/12/2006,"ONE ARENA PLAZA LOUISVILLE, KY, 40202",,"FBT LLC 400 W MARKET STREET 32ND FLOOR LOUISVILLE, KY, 40202",
WELLPATH LLC,43906870.56,98,6,2019,2024,3,Department of Corrections; Public Health & Wellness; Youth Detention Services,2,2,,,,,,,,,,848414.0,A - Active,G - Good,FLC - Foreign Limited Liability Company,"Electric, Gas and Sanitary Services",Large (100+),Jefferson,1/29/2013,"6550 Carothers Pkwy, STE 500 Franklin, TN, 37067",,"COGENCY GLOBAL INC. 828 LANE ALLEN ROAD SUITE 219 LEXINGTON, KY, 40504","Member: Justice Served Health Holdings, LLC; Manager: Marc Goldstone"
CCS GROUP HOLDINGS LLC,42608736.59,200,6,2014,2019,3,Department of Corrections; Public Health & Wellness; Youth Detention Services,1,1,,,,,,,,,,848414.0,A - Active,G - Good,FLC - Foreign Limited Liability Company,"Electric, Gas and Sanitary Services",Large (100+),Jefferson,1/29/2013,"3340 Perimeter Hill Dr Nashville, TN, 37211",,"COGENCY GLOBAL INC. 828 LANE ALLEN ROAD SUITE 219 LEXINGTON, KY, 40504",
LOUISVILLE METRO HOUSING AUTHORITY,41813751.48,5944,19,2008,2026,10,Community Services & Revitalization; Develop Louisville; Economic Development; Emergency Services & MetroSafe; Human Services; Louisville Metro Council; Louisville Metro Police Department; Office of Housing & Community Development; Public Health & Wellness; Public Works & Assets,37,4,,,,,,,,,,,,,,,,,,,,,
AT&T CORP,39923794.47,4012,13,2014,2026,16,Codes & Regulations; Department of Corrections; Develop Louisville; Economic Development; Emergency Services & MetroSafe; Human Resources; Louisville Fire; Louisville Free Public Library; Louisville Metro Council; Louisville Metro Police Department; Louisville Zoo; Mayor's Office; Metro Technology Services; Parks & Recreation; Public Health & Wellness; Public Works & Assets,12,4,,,,,,,,,,57856.0,I - Inactive,G - Good,FCO - Foreign Corporation,"Electric, Gas and Sanitary Services",Large (100+),Jefferson,7/1/1940,"208 S. AKARD ST. DALLAS, TX, 75202",,"KY SECRETARY OF STATE 1025 Capital Center Drive Suite 201 Frankfort, KY, 40601",
CORIZON INC,36766183.1,154,7,2008,2014,3,Department of Corrections; Public Protection; Youth Detention Services,1,1,,,,,,,,,,226491.0,I - Inactive,G - Good,FLC - Foreign Limited Liability Company,"Electric, Gas and Sanitary Services",Large (100+),Jefferson,3/9/1987,"105 WESTPARK DRIVE SUITE 200 BRANTWOOD, TN, 37027",,"C T CORPORATION SYSTEM 306 W MAIN ST SUITE 512 FRANKFORT, KY, 40601",
AXON ENTERPRISE INC,36177494.77,305,18,2008,2026,9,Alcoholic Beverage Control; Codes & Regulations; Department of Corrections; Emergency Services & MetroSafe; Louisville Fire; Louisville Metro Police Department; Parks & Recreation; Youth Detention Services; Youth Transitional Services,8,4,,,,,,,,,,760933.0,A - Active,G - Good,FCO - Foreign Corporation,"Electric, Gas and Sanitary Services",Large (100+),Jefferson,4/13/2010,"17800 N 85TH ST. SCOTTSDALE, AZ, 85255",,"Corporation Service Company 315 HIGH STREET FRANKFORT, KY, 40601",President: Patrick Smith; Secretary: Isaiah Fields; Director: Hadi Partovi; Director: Julie Anne Cullivan; Director: Matt McBrady; Director: Adriane Brown; Director: Richard Carmona
LOUISVILLE AREA GOVERNMENTAL SELF,35427707.86,71,15,2008,2026,2,Economic Development; Insurance & Claims,5,2,,,,,,,,,,,,,,,,,,,,,
UNIVERSITY OF LOUISVILLE,33230801.61,2415,19,2008,2026,31,Codes & Regulations; Community Services & Revitalization; Department of Corrections; Develop Louisville; Economic Development; Elected Officials; Emergency Medical Services; Emergency Services & MetroSafe; Human Relations Commission; Human Resources; Human Services; KentuckianaWorks; Louisville Fire; Louisville Free Public Library; Louisville Metro Council; Louisville Metro Police Department; Louisville Zoo; Mayor's Office; Metro Technology Services; Neighborhoods; Office for Safe & Healthy Neighborhoods; Office of Housing & Community Development; Office of Performance Improvement; Office of Planning; Parks & Recreation; Public Health & Wellness; Public Protection; Public Works & Assets; Related Agencies; Youth Detention Services; Youth Transitional Services,20,3,,,,,,,,,,,,,,,,,,,,,
TRINITY SERVICES GROUP INC DBA TRINITY,32292560.37,3411,13,2013,2025,4,Department of Corrections; Elected Officials; Youth Detention Services; Youth Transitional Services,6,4,,,,,,,,,,760933.0,A - Active,G - Good,FCO - Foreign Corporation,"Electric, Gas and Sanitary Services",Large (100+),Jefferson,4/13/2010,"17800 N 85TH ST. SCOTTSDALE, AZ, 85255",,"Corporation Service Company 315 HIGH STREET FRANKFORT, KY, 40601",
GOODWILL INDUSTRIES OF KENTUCKY INC,31859417.05,820,14,2008,2026,12,Community Services & Revitalization; Economic Development; Human Services; KentuckianaWorks; OMB Finance; Office for Safe & Healthy Neighborhoods; Office of Housing & Community Development; Office of Performance Improvement; Office of Violence Prevention; Public Health & Wellness; Public Works & Assets; Related Agencies,10,3,,,,,,,,,,20149.0,A - Active,G - Good,KCO - Kentucky Corporation,"Electric, Gas and Sanitary Services",Large (100+),Jefferson,11/2/1923,"2820 WEST BROADWAY LOUISVILLE, KY, 40211-1219",,"AMY LUTTRELL 2820 WEST BROADWAY LOUISVILLE, KY, 40211-1219",
CHS TX INC,31686715.54,98,3,2024,2026,3,Criminal Justice Commission; Department of Corrections; Public Health & Wellness,3,2,,,,,,,,,,1215278.0,A - Active,G - Good,FCO - Foreign Corporation,"Electric, Gas and Sanitary Services",Large (100+),Jefferson,6/17/2022,"205 Powell Place Suite 104 Brentwood, TN, 37027",,"C T Corporation System 306 W Main St Ste 512 Frankfort, KY, 40601",President: F JEFFREY SHOLEY; Secretary: J SCOTT KING; Treasurer: JAMES SPROUSE; Director: F JEFFREY SHOLEY
VOLUNTEERS OF AMERICA MID-STATES,31501666.84,1335,19,2008,2026,14,Community Services & Revitalization; Criminal Justice Commission; Department of Corrections; Develop Louisville; Economic Development; Human Services; Louisville Metro Council; OMB Finance; Office for Safe & Healthy Neighborhoods; Office of Housing & Community Development; Office of Violence Prevention; Parks & Recreation; Public Health & Wellness; Public Protection,34,4,,,,,,,,,,,,,,,,,,,,,
NAPA AUTO PARTS,31061174.73,11622,8,2008,2015,14,Codes & Regulations; Department of Corrections; Emergency Medical Services; Emergency Services & MetroSafe; Louisville Fire; Louisville Free Public Library; Louisville Metro Police Department; Louisville Zoo; OMB Finance; Parks & Recreation; Public Health & Wellness; Public Protection; Public Works & Assets; Related Agencies,8,2,,,,,,,,,,,,,,,,,,,,,
LOUISVILLE URBAN LEAGUE INC,30639664.51,731,19,2008,2026,20,Community Services & Revitalization; Department of Corrections; Develop Louisville; Economic Development; Elected Officials; Human Relations Commission; Human Resources; Human Services; KentuckianaWorks; Louisville Metro Council; Louisville Metro Police Department; Neighborhoods; OMB Finance; Office for Safe & Healthy Neighborhoods; Office of Housing & Community Development; Office of Performance Improvement; Office of Violence Prevention; Public Health & Wellness; Public Protection; Related Agencies,29,4,,,,,,,,,,53488.0,A - Active,G - Good,KCO - Kentucky Corporation,"Electric, Gas and Sanitary Services",Large (100+),Jefferson,8/31/1921,"1535 W. BROADWAY LOUISVILLE, KY, 40203",,"LYNDON PRYOR 1535 W BROADWAY LOUISVILLE, KY, 40203",
MAC CONSTRUCTION & EXCAVATING INC,30015640.76,300,14,2008,2022,5,Economic Development; Louisville Metro Police Department; Parks & Recreation; Public Works & Assets; Related Agencies,14,2,,,,,,,,,,152610.0,A - Active,G - Good,FCO - Foreign Corporation,"Electric, Gas and Sanitary Services",Large (100+),Jefferson,12/31/1980,"1500 ENVOY CIRCLE SUITE 1510 LOUISVILLE, KY, 40299",,"C T CORPORATION SYSTEM 306 W. MAIN ST., STE 512 FRANKFORT, KY, 40601",President: TRAVIS O. UNRUH; Vice President: DANIEL B. WICKENS; Director: CHAD M. UNRUH; Director: TRAVIS O. UNRUH
WHITTENBERG CONSTRUCTION COMPANY,26501824.86,255,17,2008,2026,4,Economic Development; Facilities & Fleet Management; Louisville Zoo; Related Agencies,10,3,,,,,,,,,,287158.0,A - Active,G - Good,KCO - Kentucky Corporation,"Electric, Gas and Sanitary Services",Large (100+),Jefferson,6/6/1991,"4774 ALLMOND AVE. LOUISVILLE, KY, 40209",,"ANDREW S. MAYS 4774 ALLMOND AVE. LOUISVILLE, KY, 40209",
CALHOUN CONSTRUCTION SERVICES  INC.,25998548.43,41,3,2024,2026,3,Facilities & Fleet Management; Louisville Metro Police Department; Parks & Recreation,2,1,,,,,,,,,,834276.0,A - Active,G - Good,KCO - Kentucky Corporation,"Electric, Gas and Sanitary Services",Large (100+),Jefferson,7/24/2012,"1703 S. BROOK STREET LOUISVILLE, KY, 40208",,"CT CORPORATION SYSTEM 306 W, MAIN STREET SUITE 512 FRANKFORT, KY, 40601",
MUNICIPAL EQUIPMENT INC,23774310.46,1884,19,2008,2026,6,Codes & Regulations; Facilities & Fleet Management; Louisville Zoo; OMB Finance; Parks & Recreation; Public Works & Assets,19,4,,,,,,,,,,116934.0,A - Active,G - Good,KCO - Kentucky Corporation,"Electric, Gas and Sanitary Services",Large (100+),Jefferson,3/29/1971,"6305 OLD SHEPHERDSVILLE RD. LOUISVILLE, KY, 40228",,"MARK CLINDANIEL 6305 OLD SHEPHERDSVILLE ROAD LOUISVILLE, KY, 40228",
Dell Marketing LP,23014230.34,2965,18,2009,2026,43,Air Pollution Control District; Alcoholic Beverage Control; Codes & Regulations; Community Services & Revitalization; Criminal Justice Commission; Department of Corrections; Develop Louisville; Economic Development; Elected Officials; Emergency Medical Services; Emergency Services & MetroSafe; Facilities & Fleet Management; Human Relations Commission; Human Resources; Human Services; Jefferson County Coroner; KentuckianaWorks; Louisville Fire; Louisville Free Public Library; Louisville Metro Council; Louisville Metro Police Department; Louisville Zoo; Mayor's Office; Metro Animal Services; Metro Technology Services; OMB Finance; Office for Safe & Healthy Neighborhoods; Office of Equity; Office of Housing & Community Development; Office of Inspector General; Office of Internal Audit; Office of Performance Improvement; Office of Planning; Office of Sustainability; Parks & Recreation; Public Health & Wellness; Public Protection; Public Works & Assets; Records Compliance; Related Agencies; Waterfront Development Corporation; Youth Detention Services; Youth Transitional Services,59,4,,,,,,,,,,434750.0,I - Inactive,G - Good,FLP - Foreign Limited Partnership,"Electric, Gas and Sanitary Services",Large (100+),Jefferson,6/20/1997,"ONE DELL WAY ROUND ROCK, TX, 78682",,"Corporation Service Company 421 WEST MAIN STREET FRANKFORT, KY, 40601",Partner: DELL MARKETING GP L.L.C.
BAKER AND TAYLOR INC,22469334.66,37022,15,2008,2022,4,Community Services & Revitalization; Louisville Free Public Library; Public Health & Wellness; Related Agencies,7,2,,,,,,,,,,434750.0,I - Inactive,G - Good,FLP - Foreign Limited Partnership,"Electric, Gas and Sanitary Services",Large (100+),Jefferson,6/20/1997,"ONE DELL WAY ROUND ROCK, TX, 78682",,"Corporation Service Company 421 WEST MAIN STREET FRANKFORT, KY, 40601",
AHEAD HUMAN RESOURCES,21440060.57,8212,19,2008,2026,20,Codes & Regulations; Community Services & Revitalization; Department of Corrections; Develop Louisville; Economic Development; Facilities & Fleet Management; Human Relations Commission; Human Resources; Human Services; KentuckianaWorks; Louisville Metro Council; Metro Animal Services; Metro Technology Services; OMB Finance; Office of Housing & Community Development; Parks & Recreation; Public Health & Wellness; Public Protection; Public Works & Assets; Related Agencies,24,2,,,,,,,,,,,,,,,,,,,,,
EZ CONSTRUCTION COMPANY INC,20968731.31,700,18,2008,2025,10,Department of Corrections; Develop Louisville; Economic Development; Emergency Services & MetroSafe; Louisville Fire; Louisville Free Public Library; OMB Finance; Office of Housing & Community Development; Parks & Recreation; Public Works & Assets,29,4,,,,,,,,,,15004.0,A - Active,G - Good,KCO - Kentucky Corporation,"Electric, Gas and Sanitary Services",Large (100+),Jefferson,3/6/1970,"7420 DISTRIBUTION DR. LOUISVILLE, KY, 40258",,"EDWARD T. DAVIS, JR. 7308 EDGEMORE PLACE PROSPECT, KY, 40059",
MIRANDA CONSTRUCTION LLC,20922586.69,193,7,2019,2026,12,Air Pollution Control District; Criminal Justice Commission; Develop Louisville; Economic Development; Facilities & Fleet Management; Louisville Fire; Louisville Free Public Library; Louisville Metro Police Department; Louisville Zoo; OMB Finance; Office of Housing & Community Development; Parks & Recreation,11,4,BLDG A-C,Gen. Bldg Contr. Type A - COM,16CONT1134,828 S 6th St.,LOUISVILLE,KY,40203.0,amberalexanderfnp@yahoo.com,(502)794-3046,942420.0,A - Active,G - Good,KLC - Kentucky Limited Liability Company,"Electric, Gas and Sanitary Services",Large (100+),Jefferson,1/26/2016,"322 E KENTUCKY STREET LOUISVILLE, KY, 40203",Members,"RYAN THOMAS MIRANDA 1313 LEIGHTON CIRCLE LOUISVILLE, KY, 40222",
JOHNSON CONTROLS INC,20362659.59,1779,19,2008,2026,12,Department of Corrections; Economic Development; Facilities & Fleet Management; Louisville Fire; Louisville Free Public Library; Louisville Zoo; Metro Animal Services; OMB Finance; Parks & Recreation; Public Works & Assets; Related Agencies; Youth Detention Services,18,4,FIREDETECT,Fire Detection Contractor,4426,PO BOX 2012 M33,MILWAUKEE,WI,53201.0,,(502)491-3794x,63392.0,I - Inactive,G - Good,FCO - Foreign Corporation,"Electric, Gas and Sanitary Services",Large (100+),Jefferson,6/5/1974,"5757 N. GREEN BAY AVE. P. O. BOX 591 MILWAUKEE, WI, 53201",,"KY SECRETARY OF STATE 1025 Capital Center Drive Suite 201 Frankfort, KY, 40601",
JOHNSON CONTROLS INC,20362659.59,1779,19,2008,2026,12,Department of Corrections; Economic Development; Facilities & Fleet Management; Louisville Fire; Louisville Free Public Library; Louisville Zoo; Metro Animal Services; OMB Finance; Parks & Recreation; Public Works & Assets; Related Agencies; Youth Detention Services,18,4,HVAC,HVAC Contractor,14084,"9410 BUNSEN PKWY., STE 100B",LOUISVILLE,KY,40220.0,dennis.p.gnadinger@jci.com,(502)262-5017x,63392.0,I - Inactive,G - Good,FCO - Foreign Corporation,"Electric, Gas and Sanitary Services",Large (100+),Jefferson,6/5/1974,"5757 N. GREEN BAY AVE. P. O. BOX 591 MILWAUKEE, WI, 53201",,"KY SECRETARY OF STATE 1025 Capital Center Drive Suite 201 Frankfort, KY, 40601",
LOUISVILLE & JEFFERSON COUNTY METROPOLITAN SEWER DISTRICT,20252847.67,406,19,2008,2026,22,Codes & Regulations; Community Services & Revitalization; Develop Louisville; Economic Development; Elected Officials; Louisville Free Public Library; Louisville Metro Council; Louisville Metro Police Department; Louisville Zoo; Mayor's Office; Metro Animal Services; Metro Technology Services; Neighborhoods; OMB Finance; Office of Equity; Office of Housing & Community Development; Parks & Recreation; Public Health & Wellness; Public Protection; Public Works & Assets; Related Agencies; Waterfront Development Corporation,23,4,,,,,,,,,,,,,,,,,,,,,
PAUL MILLER FORD INC DBA PAUL MILLER FORD MAZDA,19939931.12,402,14,2010,2023,15,Air Pollution Control District; Codes & Regulations; Community Services & Revitalization; Criminal Justice Commission; Develop Louisville; Economic Development; Emergency Services & MetroSafe; Facilities & Fleet Management; Louisville Fire; Louisville Free Public Library; Louisville Metro Police Department; OMB Finance; Public Health & Wellness; Public Works & Assets; Youth Transitional Services,23,3,,,,,,,,,,63392.0,I - Inactive,G - Good,FCO - Foreign Corporation,"Electric, Gas and Sanitary Services",Large (100+),Jefferson,6/5/1974,"5757 N. GREEN BAY AVE. P. O. BOX 591 MILWAUKEE, WI, 53201",,"KY SECRETARY OF STATE 1025 Capital Center Drive Suite 201 Frankfort, KY, 40601",
PACE CONTRACTING LLC,19378613.73,314,13,2008,2026,5,Codes & Regulations; Develop Louisville; Economic Development; Parks & Recreation; Public Works & Assets,24,3,BLDG A-C,Gen. Bldg Contr. Type A - COM,6653,15415 SHELBYVILLE ROAD,LOUISVILLE,KY,40245.0,pacecontractingllc@abcglobal.net,(502)815-4142,436500.0,A - Active,G - Good,KLC - Kentucky Limited Liability Company,"Electric, Gas and Sanitary Services",Large (100+),Jefferson,7/30/1997,"15415 SHELBYVILLE RD LOUISVILLE, KY, 40245",Members,"Luke Fitzgerald 15415 SHELBYVILLE ROAD LOUISVILLE, KY, 40245",
LACUNA HEALTH LLC,19060312.52,117,4,2021,2024,2,OMB Finance; Public Health & Wellness,4,2,,,,,,,,,,1004718.0,A - Active,G - Good,FLC - Foreign Limited Liability Company,"Electric, Gas and Sanitary Services",Large (100+),Jefferson,12/12/2017,"330 SEVEN SPRINGS WAY BRENTWOOD, TN, 37027",,"CT CORPORATION SYSTEM 306 W. MAIN STREET SUITE 512 FRANKFORT, KY, 40601",
UNIVERSITY OF LOUISVILLE RESEARCH FOUNDATION INC,18706309.12,1298,19,2008,2026,26,Air Pollution Control District; Community Services & Revitalization; Criminal Justice Commission; Department of Corrections; Develop Louisville; Economic Development; Emergency Services & MetroSafe; Human Relations Commission; Louisville Fire; Louisville Metro Council; Louisville Metro Police Department; Neighborhoods; OMB Finance; Office for Safe & Healthy Neighborhoods; Office of Equity; Office of Housing & Community Development; Office of Performance Improvement; Office of Planning; Office of Sustainability; Office of Violence Prevention; Parks & Recreation; Public Health & Wellness; Public Protection; Public Works & Assets; Related Agencies; Youth Detention Services,12,3,,,,,,,,,,180002.0,A - Active,G - Good,KCO - Kentucky Corporation,"Electric, Gas and Sanitary Services",Large (100+),Jefferson,7/26/1983,"UNIVERSITY OF LOUISVILLE OFFICE OF UNIVERSITY COUNSEL LOUISVILLE, KY, 40292",,"ANGELA CURRY UNIVERSITY OF LOUISVILLE GRAWEMEYER HALL, SUITE 206 2301 S. THIRD STREET LOUISVILLE, KY, 40292",
LOUISVILLE RENAISSANCE ZONE CORPORATION,18677275.47,15,14,2010,2025,1,Economic Development,2,2,,,,,,,,,,571525.0,A - Active,G - Good,KCO - Kentucky Corporation,"Electric, Gas and Sanitary Services",Large (100+),Jefferson,11/4/2003,"700 ADMINISTRATION DR LOUISVILLE, KY, 40209",,"S&H LOUISVILLE LLC SUITE 1800 400 W MARKET STREET LOUISVILLE, KY, 40202",
BOARD OF EDUCATION JEFFERSON CO KENTUCKY,18535097.48,872,19,2008,2026,21,Air Pollution Control District; Community Services & Revitalization; Department of Corrections; Economic Development; Human Services; KentuckianaWorks; Louisville Free Public Library; Louisville Metro Council; Louisville Metro Police Department; Mayor's Office; Neighborhoods; OMB Finance; Office of Equity; Office of Housing & Community Development; Office of Performance Improvement; Parks & Recreation; Public Health & Wellness; Public Protection; Public Works & Assets; Related Agencies; Youth Detention Services,31,3,,,,,,,,,,571525.0,A - Active,G - Good,KCO - Kentucky Corporation,"Electric, Gas and Sanitary Services",Large (100+),Jefferson,11/4/2003,"700 ADMINISTRATION DR LOUISVILLE, KY, 40209",,"S&H LOUISVILLE LLC SUITE 1800 400 W MARKET STREET LOUISVILLE, KY, 40202",
KENTUCKY STATE TREASURER,18424540.1,5233,19,2008,2026,37,Alcoholic Beverage Control; Codes & Regulations; Community Services & Revitalization; Criminal Justice Commission; Department of Corrections; Develop Louisville; Economic Development; Elected Officials; Emergency Medical Services; Emergency Services & MetroSafe; Facilities & Fleet Management; Human Relations Commission; Human Resources; Human Services; Insurance & Claims; KentuckianaWorks; Louisville Fire; Louisville Free Public Library; Louisville Metro Council; Louisville Metro Police Department; Louisville Zoo; Mayor's Office; Metro Animal Services; Metro Technology Services; Neighborhoods; OMB Finance; Office of Housing & Community Development; Office of Internal Audit; Office of Performance Improvement; Other Statutory Obligations; Parks & Recreation; Public Health & Wellness; Public Protection; Public Works & Assets; Related Agencies; Youth Detention Services; Youth Transitional Services,54,4,,,,,,,,,,,,,,,,,,,,,
SHEEHAN LANDING LP,17470737.47,11,3,2024,2026,1,Office of Housing & Community Development,1,1,,,,,,,,,,1224330.0,A - Active,G - Good,KNP - Kentucky ULPA Limited Partnership,"Electric, Gas and Sanitary Services",Large (100+),Jefferson,8/5/2022,"545 S 3rd Street Louisville, KY, 40202",,"Cogency Global Inc 828 Lane Allen Rd Ste 219 Lexington, KY, 40504",Partner: LDG Sheehan Landing GP LLC
OCCUPATIONAL HEALTH CENTERS OF THE SOUTHWEST PA PSC,17125082.04,1431,9,2018,2026,19,Alcoholic Beverage Control; Codes & Regulations; Department of Corrections; Develop Louisville; Economic Development; Emergency Services & MetroSafe; Facilities & Fleet Management; Human Resources; Insurance & Claims; Louisville Fire; Louisville Metro Police Department; Louisville Zoo; Mayor's Office; Metro Animal Services; Parks & Recreation; Public Health & Wellness; Public Works & Assets; Youth Detention Services; Youth Transitional Services,6,2,,,,,,,,,,,,,,,,,,,,,
VERIZON WIRELESS,17001236.72,12805,19,2008,2026,36,Air Pollution Control District; Alcoholic Beverage Control; Codes & Regulations; Community Services & Revitalization; Department of Corrections; Develop Louisville; Economic Development; Elected Officials; Emergency Medical Services; Emergency Services & MetroSafe; Facilities & Fleet Management; Human Relations Commission; Human Resources; Human Services; Louisville Fire; Louisville Free Public Library; Louisville Metro Council; Louisville Metro Police Department; Louisville Zoo; Mayor's Office; Metro Animal Services; Metro Technology Services; Neighborhoods; OMB Finance; Office for Safe & Healthy Neighborhoods; Office of Housing & Community Development; Office of Performance Improvement; Office of Planning; Office of Violence Prevention; Parks & Recreation; Public Health & Wellness; Public Protection; Public Works & Assets; Related Agencies; Youth Detention Services; Youth Transitional Services,36,3,,,,,,,,,,,,,,,,,,,,,
WATERFRONT DEVELOPMENT CORPORATION,16691783.09,164,18,2008,2026,13,Develop Louisville; Economic Development; Facilities & Fleet Management; Louisville Fire; Louisville Metro Council; Louisville Metro Police Department; OMB Finance; Office of Philanthropy; Parks & Recreation; Public Health & Wellness; Public Protection; Related Agencies; Waterfront Development Corporation,13,4,,,,,,,,,,212705.0,A - Active,G - Good,KCO - Kentucky Corporation,"Electric, Gas and Sanitary Services",Large (100+),Jefferson,3/11/1986,"129 E. RIVER RD., 3RD. FL. LOUISVILLE, KY, 40202",,"DEBORAH BILITSKI 129 E. RIVER RD., 3RD. FL. LOUISVILLE, KY, 40202",
CARGILL INC,16637485.25,685,14,2008,2021,1,Public Works & Assets,2,1,,,,,,,,,,59460.0,A - Active,G - Good,FCO - Foreign Corporation,"Electric, Gas and Sanitary Services",Large (100+),Jefferson,8/20/1952,"15407 MCGINTY RD W WAYZATA, MN, 55391",,"UNITED AGENT GROUP INC. 101 NORTH SEVENTH STREET LOUISVILLE, KY, 40202",
HOUSE OF RUTH INC,16330974.97,1906,19,2008,2026,6,Community Services & Revitalization; Develop Louisville; Human Services; Louisville Metro Council; OMB Finance; Office of Housing & Community Development,17,3,,,,,,,,,,303763.0,A - Active,G - Good,KCO - Kentucky Corporation,"Electric, Gas and Sanitary Services",Large (100+),Jefferson,8/6/1992,"607 E. ST. CATHERINE STREET LOUISVILLE, KY, 40203",,"LISA SUTTON 607 E. ST. CATHERINE ST. LOUISVILLE, KY, 40203",
TEK SYSTEMS,16241507.9,4009,19,2008,2026,12,Department of Corrections; Develop Louisville; Emergency Services & MetroSafe; Louisville Free Public Library; Louisville Metro Police Department; Metro Technology Services; OMB Finance; Office of Performance Improvement; Public Health & Wellness; Public Protection; Related Agencies; Youth Detention Services,12,3,,,,,,,,,,,,,,,,,,,,,
FAMILY & CHILDREN FIRST INC,16185941.32,1922,10,2008,2017,9,Community Services & Revitalization; Human Services; Louisville Free Public Library; Louisville Metro Council; Louisville Metro Police Department; Neighborhoods; OMB Finance; Office of Housing & Community Development; Public Health & Wellness,23,2,,,,,,,,,,37665.0,A - Active,G - Good,KCO - Kentucky Corporation,"Electric, Gas and Sanitary Services",Large (100+),Jefferson,10/27/1958,"525 ZANE STREET LOUISVILLE, KY, 40203",,"ELEA FOX 525 ZANE STREET LOUISVILLE, KY, 40203",
CARAHSOFT TECHNOLOGY CORPORATION,15965780.2,490,15,2012,2026,13,Codes & Regulations; Economic Development; Insurance & Claims; KentuckianaWorks; Louisville Free Public Library; Louisville Metro Police Department; Mayor's Office; Metro Technology Services; OMB Finance; Office for Safe & Healthy Neighborhoods; Office of Violence Prevention; Public Health & Wellness; Public Works & Assets,12,4,,,,,,,,,,878652.0,I - Inactive,B - Bad,FCO - Foreign Corporation,"Electric, Gas and Sanitary Services",Large (100+),Jefferson,2/6/2014,"1860 MICHAEL FARADAY DRIVE SUITE 100 RESTON, VA, 20190",,"KY SECRETARY OF STATE 1025 Capital Center Drive Suite 201 Frankfort, KY, 40601",
KENTUCKIANAWORKS FOUNDATION INC,15818850.07,139,12,2015,2026,5,Community Services & Revitalization; Economic Development; Human Resources; KentuckianaWorks; Louisville Free Public Library,3,2,,,,,,,,,,605161.0,I - Inactive,G - Good,KCO - Kentucky Corporation,"Electric, Gas and Sanitary Services",Large (100+),Jefferson,2/2/2005,"410 W CHESTNUT STREET SUITE 200 LOUISVILLE, KY, 40202",,"MICHAEL GRITTON 410 W CHESTNUT STREET SUITE 200 LOUISVILLE, KY, 40202",
COMMONWEALTH OF KENTUCKY,15317674.06,1340,19,2008,2026,29,Air Pollution Control District; Alcoholic Beverage Control; Codes & Regulations; Community Services & Revitalization; Criminal Justice Commission; Department of Corrections; Develop Louisville; Economic Development; Elected Officials; Emergency Services & MetroSafe; Facilities & Fleet Management; Human Relations Commission; Human Resources; Insurance & Claims; KentuckianaWorks; Louisville Fire; Louisville Free Public Library; Louisville Metro Police Department; Metro TV; Metro Technology Services; Neighborhoods; OMB Finance; Office of Housing & Community Development; Parks & Recreation; Public Health & Wellness; Public Protection; Public Works & Assets; Related Agencies; Youth Detention Services,27,3,,,,,,,,,,,,,,,,,,,,,
AUTO BODY & FRAME INC,15295848.76,6599,19,2008,2026,8,Emergency Medical Services; Emergency Services & MetroSafe; Facilities & Fleet Management; Louisville Fire; Louisville Metro Police Department; Louisville Zoo; OMB Finance; Public Works & Assets,6,4,,,,,,,,,,239487.0,A - Active,G - Good,KCO - Kentucky Corporation,"Electric, Gas and Sanitary Services",Large (100+),Jefferson,2/1/1988,"2343 MILLERS LN LOUISVILLE, KY, 40216",,"MARTIN PATTERSON 2343 MILLERS LANE LOUISVILLE, KY, 40216",
CROSSROADS FORD LINCOLN INC,15281706.64,113,7,2012,2018,5,Develop Louisville; Economic Development; Louisville Metro Police Department; OMB Finance; Public Works & Assets,12,2,,,,,,,,,,181086.0,A - Active,G - Good,FCO - Foreign Corporation,"Electric, Gas and Sanitary Services",Large (100+),Jefferson,8/29/1983,"9015 Bergamot Drive Prospect , KY, 40059",,"INCORP SERVICES, INC. 828 LANE ALLEN ROAD SUITE 219 LEXINGTON, KY, 40504",President: W L Wingfield; Secretary: REBECCA CUNNINGHAM; Vice President: HARRY A KIRCH JR.; Director: W L Wingfield
JEFFERSON COMMUNITY AND TECHNICAL COLLEGE SYSTEM,15082142.31,2826,9,2008,2016,15,Community Services & Revitalization; Department of Corrections; Economic Development; Emergency Medical Services; Emergency Services & MetroSafe; Human Relations Commission; Human Resources; Human Services; Louisville Fire; Louisville Metro Police Department; Louisville Zoo; Office of Housing & Community Development; Public Protection; Public Works & Assets; Related Agencies,10,1,,,,,,,,,,,,,,,,,,,,,
KENTUCKY TRUCK SALES INC,15063779.55,380,14,2013,2026,3,Facilities & Fleet Management; OMB Finance; Public Works & Assets,16,4,,,,,,,,,,85436.0,A - Active,G - Good,KCO - Kentucky Corporation,"Electric, Gas and Sanitary Services",Large (100+),Jefferson,3/11/1968,"1403 TRUCKERS BLVD. JEFFERSONVILLE, IN, 47130",,"D. KEVIN RYAN 462 SOUTH FOURTH STREET 2200 MEIDINGER TOWER LOUISVILLE, KY, 40202",
METRO UNITED WAY INC,14782485.89,392,19,2008,2026,19,Community Services & Revitalization; Develop Louisville; Economic Development; Human Resources; Human Services; Louisville Metro Council; Mayor's Office; Neighborhoods; OMB Finance; Office for Safe & Healthy Neighborhoods; Office of Housing & Community Development; Office of Philanthropy; Office of Strategic Initiatives; Office of Violence Prevention; Parks & Recreation; Public Health & Wellness; Public Protection; Public Works & Assets; Related Agencies,14,3,,,,,,,,,,35229.0,A - Active,G - Good,KCO - Kentucky Corporation,"Electric, Gas and Sanitary Services",Large (100+),Jefferson,12/26/1923,"P. O. BOX 4488 LOUISVILLE, KY, 40204-0488",,"ADRIA JOHNSON 334 EAST BROADWAY LOUISVILLE, KY, 40204",
LOUISVILLE MEDICAL CENTER DEVELOPMENT CORP,14734564.75,15,11,2013,2026,1,Economic Development,2,2,,,,,,,,,,900925.0,A - Active,G - Good,KCO - Kentucky Corporation,"Electric, Gas and Sanitary Services",Large (100+),Jefferson,11/19/2014,"215 CENTRAL AVENUE, SUITE 212 LOUISVILLE, KY, 40208",,"UNIVERSITY OF LOUISVILLE REAL ESTATE FOUNDATION, INC. 215 CENTRAL AVENUE SUITE 212 LOUISVILLE, KY, 40208",
RIVERSIDE PAVING & CONTRACTING CO  INC,14657652.73,863,4,2023,2026,5,Facilities & Fleet Management; Louisville Free Public Library; Louisville Zoo; Parks & Recreation; Public Works & Assets,5,2,,,,,,,,,,44437.0,A - Active,G - Good,KCO - Kentucky Corporation,"Electric, Gas and Sanitary Services",Large (100+),Jefferson,7/26/1972,"263 EILER AVE. LOUISVILLE, KY, 40233",,"JIMMY STANLEY 23355 Louisville Nashville Turnpike West Point, KY, 40177",
SWARTZ MOWING INC,14584538.06,275,18,2009,2026,2,Economic Development; Public Works & Assets,9,3,,,,,,,,,,216802.0,A - Active,G - Good,KCO - Kentucky Corporation,"Electric, Gas and Sanitary Services",Large (100+),Jefferson,6/30/1986,"87 ELK LICK RD. P.O. BOX 124 OLYMPIA, KY, 40358",,"C T CORPORATION SYSTEM 306 W. MAIN STREET SUITE 512 FRANKFORT, KY, 40601",Vice President: Thomas Mulhern
BOUND TREE MEDICAL LLC,14462098.72,4571,19,2008,2026,19,Air Pollution Control District; Codes & Regulations; Department of Corrections; Elected Officials; Emergency Medical Services; Emergency Services & MetroSafe; Facilities & Fleet Management; Human Resources; Jefferson County Coroner; Louisville Fire; Louisville Metro Police Department; Louisville Zoo; OMB Finance; Parks & Recreation; Public Health & Wellness; Public Protection; Public Works & Assets; Youth Detention Services; Youth Transitional Services,12,4,,,,,,,,,,507585.0,A - Active,G - Good,FLC - Foreign Limited Liability Company,"Electric, Gas and Sanitary Services",Large (100+),Jefferson,12/27/2000,"5000 Bradenton Ave DUBLIN, OH, 43017",,"C T CORPORATION SYSTEM 306 W MAIN ST SUITE 512 FRANKFORT, KY, 40601","Manager: BEMS HOLDINGS, LLC; Member: BRIAN LADUKE; Member: Rob Merriweather; Member: Shawn Saylor"
HDR ENGINEERING INC,14160017.42,1128,19,2008,2026,8,Develop Louisville; Economic Development; Louisville Free Public Library; Louisville Metro Police Department; Louisville Zoo; Office of Housing & Community Development; Parks & Recreation; Public Works & Assets,30,4,,,,,,,,,,202891.0,A - Active,G - Good,FCO - Foreign Corporation,"Electric, Gas and Sanitary Services",Large (100+),Jefferson,6/17/1985,"1917 S. 67TH STREET OMAHA, NE, 68106",,"REGISTERED AGENTS INC 212 N. 2ND STREET, STE 100 RICHMOND, KY, 40475",President: Neil A Graff; Secretary: Elisa B Davies; Treasurer: Kathleen M P Heaney; Vice President: David F LeCureux; Director: Neil A Graff; Director: John W Henderson
RIVERSIDE PAVING & CONTRACTING CO INC,14136270.99,1570,15,2008,2022,6,Louisville Fire; Louisville Zoo; OMB Finance; Parks & Recreation; Public Health & Wellness; Public Works & Assets,33,2,,,,,,,,,,44437.0,A - Active,G - Good,KCO - Kentucky Corporation,"Electric, Gas and Sanitary Services",Large (100+),Jefferson,7/26/1972,"263 EILER AVE. LOUISVILLE, KY, 40233",,"JIMMY STANLEY 23355 Louisville Nashville Turnpike West Point, KY, 40177",
Walgreens,13830115.91,219,11,2008,2026,16,Community Services & Revitalization; Criminal Justice Commission; Department of Corrections; Economic Development; Emergency Services & MetroSafe; Human Services; Insurance & Claims; Louisville Fire; Louisville Metro Police Department; Louisville Zoo; Mayor's Office; Office for Safe & Healthy Neighborhoods; Parks & Recreation; Public Health & Wellness; Public Works & Assets; Related Agencies,7,3,,,,,,,,,,44437.0,A - Active,G - Good,KCO - Kentucky Corporation,"Electric, Gas and Sanitary Services",Large (100+),Jefferson,7/26/1972,"263 EILER AVE. LOUISVILLE, KY, 40233",,"JIMMY STANLEY 23355 Louisville Nashville Turnpike West Point, KY, 40177",
SEVEN COUNTIES SERVICES INC,13616014.3,314,9,2018,2026,10,Community Services & Revitalization; Criminal Justice Commission; Department of Corrections; Develop Louisville; Emergency Services & MetroSafe; Human Services; Louisville Metro Council; Louisville Metro Police Department; Office for Safe & Healthy Neighborhoods; Public Health & Wellness,9,2,,,,,,,,,,110202.0,A - Active,G - Good,KCO - Kentucky Corporation,"Electric, Gas and Sanitary Services",Large (100+),Jefferson,6/28/1978,"10401 LINN STATION ROAD SUITE100 LOUISVILLE, KY, 40223",,"DAVID  PANKOTAI 10401 LINN STATION ROAD SUITE 100 LOUISVILLE, KY, 40223",
WALKER MECHANICAL CONTRACTORS INC,13472010.39,2833,9,2018,2026,6,Department of Corrections; Facilities & Fleet Management; KentuckianaWorks; Louisville Zoo; Parks & Recreation; Public Works & Assets,15,4,,,,,,,,,,493591.0,I - Inactive,G - Good,KCO - Kentucky Corporation,"Electric, Gas and Sanitary Services",Large (100+),Jefferson,4/26/2000,"4608 DANNYWOOD ROAD LOUISVILLE, KY, 40220",,"CHARLES SCHUTZ 4608 DANNYWOOD ROAD LOUISVILLE, KY, 40220",
MILLER TRANSPORTATION INC,13196665.91,3530,19,2008,2026,14,Codes & Regulations; Community Services & Revitalization; Economic Development; Human Relations Commission; KentuckianaWorks; Louisville Free Public Library; Louisville Metro Council; Louisville Metro Police Department; Louisville Zoo; Neighborhoods; OMB Finance; Parks & Recreation; Public Health & Wellness; Related Agencies,15,3,,,,,,,,,,81970.0,A - Active,G - Good,KCO - Kentucky Corporation,"Electric, Gas and Sanitary Services",Large (100+),Jefferson,7/22/1977,"111 OUTER LOOP LOUISVILLE, KY, 40214",,"JOHN T. MILLER, JR. 111 OUTER LOOP LOUISVILLE, KY, 40214",
INSIGHT PUBLIC SECTOR,13081281.55,381,9,2018,2026,25,Air Pollution Control District; Brightside; Codes & Regulations; Community Services & Revitalization; Department of Corrections; Develop Louisville; Economic Development; Emergency Services & MetroSafe; Facilities & Fleet Management; Human Resources; Human Services; Louisville Fire; Louisville Free Public Library; Louisville Metro Police Department; Louisville Zoo; Mayor's Office; Metro Animal Services; Metro Technology Services; OMB Finance; Office for Safe & Healthy Neighborhoods; Office of Housing & Community Development; Office of Performance Improvement; Parks & Recreation; Public Health & Wellness; Public Works & Assets,8,4,,,,,,,,,,,,,,,,,,,,,
MURRAY GUARD INC,13052739.57,2921,11,2008,2018,17,Codes & Regulations; Community Services & Revitalization; Develop Louisville; Economic Development; Emergency Services & MetroSafe; Facilities & Fleet Management; Human Resources; Louisville Free Public Library; Louisville Zoo; Metro Technology Services; OMB Finance; Office of Housing & Community Development; Parks & Recreation; Public Health & Wellness; Public Protection; Public Works & Assets; Related Agencies,10,2,,,,,,,,,,64729.0,I - Inactive,B - Bad,FCO - Foreign Corporation,"Electric, Gas and Sanitary Services",Large (100+),Jefferson,8/21/1972,"PO BOX 10248 JACKSON, TN, 38308-0104",,,
LOUISVILLE AREA GOVERNMENTAL GENERAL INSURANCE TRUST,12986935.0,13,11,2008,2025,2,Economic Development; Insurance & Claims,2,2,,,,,,,,,,,,,,,,,,,,,
WORKDAY INC,12463342.0,30,7,2020,2026,2,Metro Technology Services; OMB Finance,5,3,,,,,,,,,,903919.0,A - Active,G - Good,FCO - Foreign Corporation,"Electric, Gas and Sanitary Services",Large (100+),Jefferson,12/2/2014,"6110 STONERIDGE MALL ROAD PLEASANTON, CA, 94588",,"C T CORPORATION SYSTEM 306 W. MAIN STREET SUITE 512 FRANKFORT, KY, 40601",Officer: Zane Rowe; Officer: Carl M Eschenbach; Secretary: Richard H Sauer; Director: Aneel Bhusri; Director: Tom F Bogan; Director: Jerry Yang
ACCELA INC,12199562.24,127,10,2017,2026,10,Air Pollution Control District; Alcoholic Beverage Control; Codes & Regulations; Develop Louisville; Louisville Metro Council; Metro Technology Services; Office of Planning; Parks & Recreation; Public Health & Wellness; Public Works & Assets,8,3,,,,,,,,,,1151252.0,A - Active,G - Good,FCO - Foreign Corporation,"Electric, Gas and Sanitary Services",Large (100+),Jefferson,5/20/2021,"9110 ALCOSTA BLVD, SUITE H #3030 STE 500 SAN RAMON, CA, 94583",,"NATIONAL REGISTERED AGENTS, INC. 306 W. MAIN STREET SUITE 512 FRANKFORT, KY, 40601",Officer: NOAM REININGER; Secretary: AARON HAGGARTY; Director: NOAM REININGER; Director: AARON HAGGARTY; Director: ROBERT (BOBBY) WILSON
BACHMAN AUTO GROUP INC,12195194.13,221,5,2022,2026,9,Codes & Regulations; Community Services & Revitalization; Department of Corrections; Emergency Medical Services; Emergency Services & MetroSafe; Facilities & Fleet Management; Louisville Fire; Parks & Recreation; Public Works & Assets,6,4,,,,,,,,,,206106.0,A - Active,G - Good,KCO - Kentucky Corporation,"Electric, Gas and Sanitary Services",Large (100+),Jefferson,9/16/1985,"9650 BLUEGRASS PKWY LOUISVILLE, KY, 40299",,"STEPHEN P. BACHMAN 9650 BLUEGRASS PARKWAY LOUISVILLE, KY, 40299",
CHURCHILL DOWNS,12183235.83,29,11,2008,2019,5,Community Services & Revitalization; Economic Development; Louisville Metro Police Department; Mayor's Office; OMB Finance,3,1,,,,,,,,,,,,,,,,,,,,,
STRAND ASSOCIATES INC,12176028.81,2148,19,2008,2026,5,Codes & Regulations; Develop Louisville; Office of Planning; Parks & Recreation; Public Works & Assets,24,4,,,,,,,,,,323067.0,A - Active,G - Good,FCO - Foreign Corporation,"Electric, Gas and Sanitary Services",Large (100+),Jefferson,11/24/1993,"910 WEST WINGRA DR. MADISON, WI, 53715",,"MARK C. ASKIN 325 W MAIN ST  STE 710 LOUSIVILLE, KY, 40202",
S WALK INC,12079732.46,1188,9,2018,2026,7,Community Services & Revitalization; Develop Louisville; Facilities & Fleet Management; Louisville Fire; Parks & Recreation; Public Works & Assets; Waterfront Development Corporation,25,4,,,,,,,,,,659452.0,A - Active,G - Good,KCO - Kentucky Corporation,"Electric, Gas and Sanitary Services",Large (100+),Jefferson,3/9/2007,"PO BOX 16997 LOUISVILLE, KY 40256 2304 RALPH AVE. LOUISVILLE LOUISVILLE, KY, 40216",,"SORAN WALKER 2304 RALPH AVE. LOUISVILLE, KY, 40216",
SEAGRAVE FIRE APPARATUS LLC,12030691.29,34,9,2014,2026,4,Facilities & Fleet Management; Louisville Fire; OMB Finance; Public Works & Assets,9,3,,,,,,,,,,953110.0,A - Active,G - Good,FLC - Foreign Limited Liability Company,"Electric, Gas and Sanitary Services",Large (100+),Jefferson,5/19/2016,"105 E 12th St Clintonville, WI, 54929",,"Registered Agent Solutions, Inc 828 Lane Allen Rd Ste 219 Lexington, KY, 40504",
JEFFERSON COUNTY SHERIFF OFFICE,12010872.6,683,19,2008,2026,17,Codes & Regulations; Department of Corrections; Develop Louisville; Economic Development; Elected Officials; Human Relations Commission; Insurance & Claims; Louisville Fire; Louisville Free Public Library; Louisville Metro Police Department; OMB Finance; Office of Housing & Community Development; Parks & Recreation; Public Health & Wellness; Public Protection; Public Works & Assets; Waterfront Development Corporation,23,4,,,,,,,,,,,,,,,,,,,,,
CORBETT CONSTRUCTION CO INC,11911885.68,60,6,2009,2014,7,Emergency Services & MetroSafe; Louisville Fire; Metro Animal Services; Metro Technology Services; Parks & Recreation; Public Protection; Public Works & Assets,8,2,BLDG A-C,Gen. Bldg Contr. Type A - COM,4490,200 CARTER AVE,LOUISVILLE,KY,40229.0,,(502)957-1955x,113630.0,I - Inactive,B - Bad,KCO - Kentucky Corporation,"Electric, Gas and Sanitary Services",Large (100+),Jefferson,11/16/1978,"8615 FARMSFIELD CT. LOUISVILLE, KY, 40299",,"EDWARD L. CORBETT 8615 FARMSFIELD CT. LOUISVILLE, KY, 40299",
COMPLETE DEMOLITION SERVICES,11874879.07,509,7,2020,2026,3,Develop Louisville; Facilities & Fleet Management; Office of Housing & Community Development,7,4,,,,,,,,,,,,,,,,,,,,,
Republic Services of Kentucky LLC,11849228.14,8192,19,2008,2026,17,County Clerk; Department of Corrections; Develop Louisville; Elected Officials; Emergency Medical Services; Emergency Services & MetroSafe; Facilities & Fleet Management; Louisville Fire; Louisville Free Public Library; Louisville Metro Police Department; Louisville Zoo; Metro Animal Services; OMB Finance; Parks & Recreation; Public Protection; Public Works & Assets; Related Agencies,9,2,,,,,,,,,,486998.0,A - Active,G - Good,KLC - Kentucky Limited Liability Company,"Electric, Gas and Sanitary Services",Large (100+),Jefferson,1/13/2000,"5353 E. City North Drive PHOENIX, AZ, 85054",Members,"C T CORPORATION SYSTEM 306 W MAIN ST SUITE 512 FRANKFORT, KY, 40601","Member: Republic Services, Inc."
DIAMOND DRUGS INC,11738588.77,1520,14,2011,2024,5,Criminal Justice Commission; Department of Corrections; Public Protection; Youth Detention Services; Youth Transitional Services,3,2,,,,,,,,,,741901.0,A - Active,G - Good,FCO - Foreign Corporation,"Electric, Gas and Sanitary Services",Large (100+),Jefferson,9/8/2009,"645 KOLTER DR. INDIANA, PA, 15701",,"Corporation Service Company 315 HIGH STREET FRANKFORT, KY, 40601",President: MARK J ZILNER; Secretary: JOAN R ZILNER; Treasurer: JENNIFER PITTORE; Director: JOAN R ZILNER; Director: MARK J ZILNER
OVERDRIVE INC,11661163.37,3981,18,2008,2026,2,Louisville Free Public Library; Related Agencies,3,2,,,,,,,,,,216936.0,I - Inactive,B - Bad,KCO - Kentucky Corporation,"Electric, Gas and Sanitary Services",Large (100+),Jefferson,7/3/1986,"200 WESTERN HILLS RD. GLASGOW, KY, 42141",,"DAVID HARRISON 200 WESTERN HILLS RD. GLASGOW, KY, 42141",
WILLIAM S WETTERER,11634648.39,212,10,2015,2024,4,Develop Louisville; Elected Officials; Facilities & Fleet Management; Office of Housing & Community Development,5,3,,,,,,,,,,,,,,,,,,,,,
WAYSIDE CHRISTIAN MISSION,11572333.23,320,19,2008,2026,6,Community Services & Revitalization; Develop Louisville; Human Services; Office of Housing & Community Development; Policy & Strategic Planning; Public Health & Wellness,17,3,,,,,,,,,,,,,,,,,,,,,
EIGHT ELEVEN GROUP LLC,11477597.67,1463,9,2018,2026,10,Develop Louisville; Economic Development; Mayor's Office; Metro Technology Services; OMB Finance; Office for Safe & Healthy Neighborhoods; Office of Housing & Community Development; Office of Performance Improvement; Office of Violence Prevention; Public Health & Wellness,13,4,,,,,,,,,,598417.0,A - Active,G - Good,FLC - Foreign Limited Liability Company,"Electric, Gas and Sanitary Services",Large (100+),Jefferson,11/4/2004,"6215 N College Ave INDIANPOLIS, IN, 46220",,"CT CORPORATION SYSTEM 306 W. MAIN STREET SUITE 512 FRANKFORT, KY, 40601",
DEBRA KUEMPEL INC,11451486.06,4741,15,2012,2026,17,Codes & Regulations; Department of Corrections; Develop Louisville; Economic Development; Emergency Services & MetroSafe; Facilities & Fleet Management; Louisville Fire; Louisville Free Public Library; Louisville Metro Police Department; Louisville Zoo; Metro Animal Services; Metro Technology Services; OMB Finance; Parks & Recreation; Public Health & Wellness; Public Works & Assets; Youth Detention Services,24,4,,,,,,,,,,469546.0,A - Active,G - Good,FCO - Foreign Corporation,"Electric, Gas and Sanitary Services",Large (100+),Jefferson,2/17/1999,"3976 SOUTHERN AVENUE CINCINNATI, OH, 45227",,"Corporation Service Company 315 HIGH STREET FRANKFORT, KY, 40601",President: Kristopher Thorne; Vice President: Thomas Hiebert; Treasurer: Brian Potter; Secretary: Brian Potter
INTERGRAPH CORPORATION,11411060.35,82,14,2009,2022,7,Emergency Medical Services; Emergency Services & MetroSafe; Louisville Fire; Louisville Metro Police Department; Metro Technology Services; OMB Finance; Public Protection,11,2,,,,,,,,,,194022.0,A - Active,G - Good,FCO - Foreign Corporation,"Electric, Gas and Sanitary Services",Large (100+),Jefferson,9/28/1984,"305 INTERGRAPH WAY MADISON, AL, 35758",,"The Prentice Hall Corporation System, Inc 315 HIGH STREET FRANKFORT, KY, 40601",
F W OWENS COMPANY INC,11245478.25,105,7,2011,2021,4,Louisville Free Public Library; Metro Animal Services; OMB Finance; Public Works & Assets,8,2,,,,,,,,,,172700.0,I - Inactive,G - Good,KCO - Kentucky Corporation,"Electric, Gas and Sanitary Services",Large (100+),Jefferson,12/7/1982,"931 AUDUBON PARKWAY LOUISVILLE, KY, 40213",,"M.A. HECKMAN 931 AUDUBON PARKWAY LOUISVILLE, KY, 40213",
GRAINGER INDUSTRIAL SUPPLY,10652123.59,24719,19,2008,2026,34,Air Pollution Control District; Brightside; Codes & Regulations; Community Services & Revitalization; Department of Corrections; Develop Louisville; Economic Development; Emergency Medical Services; Emergency Services & MetroSafe; Facilities & Fleet Management; Group Violence Intervention; Human Resources; Human Services; Jefferson County Coroner; Louisville Fire; Louisville Free Public Library; Louisville Metro Council; Louisville Metro Police Department; Louisville Zoo; Metro Animal Services; Metro TV; Metro Technology Services; Neighborhoods; OMB Finance; Office for Safe & Healthy Neighborhoods; Office of Housing & Community Development; Office of Internal Audit; Parks & Recreation; Public Health & Wellness; Public Protection; Public Works & Assets; Records Compliance; Related Agencies; Youth Detention Services,50,4,,,,,,,,,,,,,,,,,,,,,
INSIGHT PUBLIC SECTOR INC,10584242.17,1018,8,2010,2017,21,Codes & Regulations; Community Services & Revitalization; Criminal Justice Commission; Department of Corrections; Develop Louisville; Economic Development; Emergency Medical Services; Emergency Services & MetroSafe; Human Resources; Louisville Fire; Louisville Free Public Library; Louisville Metro Council; Louisville Metro Police Department; Metro Animal Services; Metro Technology Services; OMB Finance; Parks & Recreation; Public Health & Wellness; Public Protection; Public Works & Assets; Related Agencies,22,2,,,,,,,,,,548957.0,A - Active,G - Good,FCO - Foreign Corporation,"Electric, Gas and Sanitary Services",Large (100+),Jefferson,11/26/2002,"2701 E Insight Way Chandler, AZ, 85286",,"Corporation Service Company 315 HIGH STREET FRANKFORT, KY, 40601",President: Scott Friedlander; Secretary: Sharon Ennis; Treasurer: Virginia Adams; Director: Scott Friedlander
Louisville Water Company,10511177.06,22298,19,2008,2026,19,Community Services & Revitalization; Criminal Justice Commission; Develop Louisville; Economic Development; Facilities & Fleet Management; Human Relations Commission; Human Services; Louisville Fire; Louisville Metro Council; Louisville Metro Police Department; Metro Animal Services; Neighborhoods; OMB Finance; Office of Housing & Community Development; Parks & Recreation; Public Health & Wellness; Public Works & Assets; Related Agencies; Youth Detention Services,47,4,,,,,,,,,,32527.0,A - Active,G - Good,KCO - Kentucky Corporation,"Electric, Gas and Sanitary Services",Large (100+),Jefferson,3/6/1854,"550 SOUTH 3RD. ST. LOUISVILLE, KY, 40202",,"MICHAEL F. TIGUE 550 SOUTH THIRD ST. LOUISVILLE, KY, 40202",
ALL STATE FORD TRUCK SALES,10433411.14,8615,19,2008,2026,10,Emergency Medical Services; Emergency Services & MetroSafe; Facilities & Fleet Management; Louisville Fire; Louisville Metro Police Department; Louisville Zoo; OMB Finance; Public Protection; Public Works & Assets; Related Agencies,8,3,,,,,,,,,,,,,,,,,,,,,
DJ LEASING LLC,10177840.94,1391,19,2008,2026,14,Codes & Regulations; Department of Corrections; Economic Development; Elected Officials; Facilities & Fleet Management; Louisville Fire; Louisville Free Public Library; Louisville Metro Police Department; Mayor's Office; OMB Finance; Office of Housing & Community Development; Parks & Recreation; Public Works & Assets; Related Agencies,11,4,,,,,,,,,,463992.0,I - Inactive,G - Good,KCO - Kentucky Corporation,"Electric, Gas and Sanitary Services",Large (100+),Jefferson,10/27/1998,"3902 CRITTENDEN DR LOUISVILLE, KY, 402093363",,"BTH, INC. 400 W MARKET ST  32ND FL LOUISVILLE, KY, 40202",
ADVENTUROUS MINDS PRODUCE EXTRAORDINARY DREAMS INC,10085995.87,47,3,2024,2026,5,Economic Development; Metro Technology Services; Office of Equity; Office of Housing & Community Development; Office of Violence Prevention,4,2,,,,,,,,,,916073.0,A - Active,G - Good,KCO - Kentucky Corporation,"Electric, Gas and Sanitary Services",Large (100+),Jefferson,3/9/2015,"1219 W. JEFFERSON STREET, SUITE 206 LOUISVILLE, KY, 40203",,"DAVE CHRISTOPHER 1219 W. JEFFERSON STREET, SUITE 206 LOUISVILLE, KY, 40203",
BORNSTEIN GENERAL CONTRACTING 1890,10025619.47,899,14,2013,2026,18,Air Pollution Control District; Codes & Regulations; Community Services & Revitalization; Department of Corrections; Economic Development; Emergency Services & MetroSafe; Facilities & Fleet Management; Human Resources; Louisville Fire; Louisville Free Public Library; Louisville Metro Police Department; Louisville Zoo; Metro Animal Services; OMB Finance; Parks & Recreation; Public Health & Wellness; Public Works & Assets; Youth Detention Services,37,4,,,,,,,,,,,,,,,,,,,,,
LOUISVILLE AREA CHAMBER OF COMMERCE INC,9924628.85,450,19,2008,2026,14,Develop Louisville; Economic Development; Human Relations Commission; KentuckianaWorks; Louisville Free Public Library; Louisville Metro Council; Louisville Zoo; Mayor's Office; Metro Technology Services; Neighborhoods; Office of Housing & Community Development; Parks & Recreation; Public Health & Wellness; Related Agencies,12,3,,,,,,,,,,31991.0,A - Active,G - Good,KCO - Kentucky Corporation,"Electric, Gas and Sanitary Services",Large (100+),Jefferson,7/11/1949,"101 S. FIFTH STREET, SUITE 2300 LOUISVILLE, KY, 40202",,"SARAH DAVASHER-WISDOM 101 S. FIFTH STREET, SUITE 2300 LOUISVILLE, KY, 40202",
T & C CONTRACTING INC,9902152.51,107,9,2008,2017,4,Louisville Free Public Library; Parks & Recreation; Public Works & Assets; Waterfront Development Corporation,11,2,WRECKING B,Wrecking Contractor Type B,13CONT1063,6301 PENDELTON ROAD,LOUISVILLE,KY,40272.0,DON@TCKY.BIZ,(502)937-3433,169874.0,A - Active,G - Good,KCO - Kentucky Corporation,"Electric, Gas and Sanitary Services",Large (100+),Jefferson,8/26/1982,"6301 Pendleton Rd Louisville Louisville, KY, 40272",,"DONALD T. THORNBERRY 6301 PENDLETON RD. LOUISVILLE, KY, 402720398",
ALPHA MECHANICAL SERVICE INC,9878773.03,3443,15,2008,2026,19,Air Pollution Control District; Codes & Regulations; Department of Corrections; Economic Development; Emergency Services & MetroSafe; Facilities & Fleet Management; Louisville Fire; Louisville Free Public Library; Louisville Metro Police Department; Louisville Zoo; Metro Technology Services; Neighborhoods; OMB Finance; Parks & Recreation; Public Health & Wellness; Public Protection; Public Works & Assets; Waterfront Development Corporation; Youth Detention Services,24,4,,,,,,,,,,563126.0,A - Active,G - Good,KLC - Kentucky Limited Liability Company,"Electric, Gas and Sanitary Services",Large (100+),Jefferson,6/30/2003,"7200 DISTRIBUTION DRIVE LOUISVILLE, KY, 40258",Members,"C T CORPORATION SYSTEM 306 W. MAIN STREET SUITE 512 FRANKFORT, KY, 40601","Member: MSHC, Inc."
DATA LINK COMMUNICATIONS OF INDIANA INC,9841205.96,1235,7,2020,2026,25,Air Pollution Control District; Alcoholic Beverage Control; Codes & Regulations; Community Services & Revitalization; Criminal Justice Commission; Department of Corrections; Elected Officials; Emergency Services & MetroSafe; Facilities & Fleet Management; Human Resources; Louisville Fire; Louisville Free Public Library; Louisville Metro Council; Louisville Metro Police Department; Louisville Zoo; Metro Animal Services; Metro TV; Metro Technology Services; OMB Finance; Office for Safe & Healthy Neighborhoods; Office of Housing & Community Development; Office of Planning; Parks & Recreation; Public Health & Wellness; Public Works & Assets,21,4,,,,,,,,,,712812.0,A - Active,G - Good,FCO - Foreign Corporation,"Electric, Gas and Sanitary Services",Large (100+),Jefferson,9/3/2008,"4841 E Virginia St Evansville, IN, 477152628",,"TOM BLANKENSHIP 909 MAIN STREET BENTON, KY, 42025",
KIESLER POLICE SUPPLY INC,9805869.45,751,19,2008,2026,10,Alcoholic Beverage Control; Codes & Regulations; Department of Corrections; Louisville Fire; Louisville Metro Police Department; OMB Finance; Parks & Recreation; Public Protection; Youth Detention Services; Youth Transitional Services,7,3,,,,,,,,,,796397.0,A - Active,G - Good,FCO - Foreign Corporation,"Electric, Gas and Sanitary Services",Large (100+),Jefferson,7/22/2011,"2802 Sable Mill Road Jeffersonville, IN, 47130",,"JEFFREY G BLAIN 1100 OXMOOR WOODS PARKWAY LOUISVILLE, KY, 40222",
THE HOUSING PARTNERSHIP INC,9521911.33,1051,19,2008,2026,10,Codes & Regulations; Community Services & Revitalization; Develop Louisville; Economic Development; Human Services; Louisville Metro Council; Louisville Metro Police Department; Office of Housing & Community Development; Public Health & Wellness; Public Works & Assets,34,4,,,,,,,,,,24032.0,I - Inactive,B - Bad,KCO - Kentucky Corporation,"Electric, Gas and Sanitary Services",Large (100+),Jefferson,4/18/1967,"102 MAIN ST. BEREA, KY, 40403",,"JAMES D. WYKER 111 BOB O LINK DR. BEREA, KY",
The Prestonian  LP,9500000.0,6,2,2024,2025,2,Develop Louisville; Office of Housing & Community Development,2,2,,,,,,,,,,1106558.0,A - Active,G - Good,KNP - Kentucky ULPA Limited Partnership,"Electric, Gas and Sanitary Services",Large (100+),Jefferson,7/31/2020,"545 S 3rd Street Louisville, KY, 40202",,"Cogency Global Inc. 828 Lane Allen Road Suite 219 Lexington, KY, 40504",General Partner: LDG The Prestonian GP LLC
GRESHAM SMITH,9499289.97,1061,9,2018,2026,5,Develop Louisville; Economic Development; Office of Housing & Community Development; Parks & Recreation; Public Works & Assets,21,3,,,,,,,,,,,,,,,,,,,,,
FISHEL COMPANY,9260775.62,2156,14,2008,2021,30,Codes & Regulations; Community Services & Revitalization; Criminal Justice Commission; Department of Corrections; Develop Louisville; Economic Development; Elected Officials; Emergency Medical Services; Emergency Services & MetroSafe; Facilities & Fleet Management; Human Resources; Human Services; Insurance & Claims; Louisville Fire; Louisville Free Public Library; Louisville Metro Council; Louisville Metro Police Department; Louisville Zoo; Mayor's Office; Metro Animal Services; Metro Technology Services; OMB Finance; Office of Housing & Community Development; Office of Performance Improvement; Parks & Recreation; Public Health & Wellness; Public Protection; Public Works & Assets; Related Agencies; Youth Detention Services,39,2,,,,,,,,,,61888.0,I - Inactive,G - Good,FCO - Foreign Corporation,"Electric, Gas and Sanitary Services",Large (100+),Jefferson,4/15/1966,"1810 ARLINGATE LN COLUMBUS, OH, 43228",,"KY SECRETARY OF STATE 1025 Capital Center Drive Suite 201 Frankfort, KY, 40601",
CHURCHILL DOWNS INCORPORATED,8865695.85,5,2,2025,2026,1,Economic Development,2,1,,,,,,,,,,9274.0,A - Active,G - Good,KCO - Kentucky Corporation,"Electric, Gas and Sanitary Services",Large (100+),Jefferson,2/17/1937,"600 N. HURSTBOURNE PKWY SUITE 400 LOUISVILLE, KY, 40222",,"CT CORPORATION SYSTEM 306 W. MAIN STREET, SUITE 512 FRANKFORT, KY, 40601",
SHAW SECURE SOLUTIONS LLC,8651417.42,1005,4,2023,2026,9,Codes & Regulations; Department of Corrections; Develop Louisville; Facilities & Fleet Management; Office of Housing & Community Development; Office of Planning; Parks & Recreation; Public Health & Wellness; Public Works & Assets,3,2,,,,,,,,,,937335.0,A - Active,G - Good,FLC - Foreign Limited Liability Company,"Electric, Gas and Sanitary Services",Large (100+),Jefferson,11/18/2015,"922 FRANKLIN STREET LOUISVILLE, KY, 40206",,"JASON HARGADON 111 CHURCH STREET SUITE 100 LEXINGTON, KY, 40507",
PARKS ALLIANCE OF LOUISVILLE,8640992.37,43,8,2018,2026,4,Develop Louisville; Economic Development; Office of Housing & Community Development; Parks & Recreation,6,4,,,,,,,,,,,,,,,,,,,,,
LUSK MECHANICALCONTRACTORS INC,8611560.27,2722,9,2018,2026,11,Community Services & Revitalization; Department of Corrections; Emergency Services & MetroSafe; Facilities & Fleet Management; Louisville Fire; Louisville Free Public Library; Louisville Zoo; Metro Animal Services; Office of Housing & Community Development; Parks & Recreation; Public Works & Assets,15,4,,,,,,,,,,290434.0,A - Active,G - Good,KCO - Kentucky Corporation,"Electric, Gas and Sanitary Services",Large (100+),Jefferson,9/4/1991,"820 S. Dixie Hwy MULDRAUGH, KY, 40155",,"Corporation Service Company 315 HIGH STREET FRANKFORT, KY, 40601",President: Jeffrey D Lusk; Vice President: Leigh Ann Lusk; Vice President: Kevin J Lusk; Vice President: James S Lusk
SARCOM INC,8418759.73,2588,6,2008,2013,26,Codes & Regulations; Community Services & Revitalization; Department of Corrections; Economic Development; Elected Officials; Emergency Medical Services; Emergency Services & MetroSafe; Human Resources; Louisville Fire; Louisville Free Public Library; Louisville Metro Council; Louisville Metro Police Department; Louisville Zoo; Mayor's Office; Metro Animal Services; Metro Technology Services; Neighborhoods; OMB Finance; Office of Housing & Community Development; Parks & Recreation; Policy & Strategic Planning; Public Health & Wellness; Public Protection; Public Works & Assets; Related Agencies; Waterfront Development Corporation,31,2,,,,,,,,,,46293.0,I - Inactive,B - Bad,KCO - Kentucky Corporation,"Electric, Gas and Sanitary Services",Large (100+),Jefferson,5/1/1972,"4TH FLOOR OHIO VALLEY NATL. BANK BLDG. HENDERSON, KY, 42420",,"WM. M. DEEP 4TH FLOOR OHIO VALLEY NATL. BANK BLDG. HENDERSON, KY, 42420",
FAMILY SCHOLAR HOUSE INC,8402330.49,218,19,2008,2026,12,Community Services & Revitalization; Department of Corrections; Develop Louisville; Economic Development; Human Services; KentuckianaWorks; Louisville Metro Council; Neighborhoods; OMB Finance; Office for Safe & Healthy Neighborhoods; Office of Housing & Community Development; Public Health & Wellness,30,4,,,,,,,,,,409134.0,A - Active,G - Good,KCO - Kentucky Corporation,"Electric, Gas and Sanitary Services",Large (100+),Jefferson,12/15/1995,"403 REG SMITH CIRCLE LOUISVILLE, KY, 40208",,"CATHE DYKSTRA 403 REG SMITH CIRCLE LOUISVILLE, KY, 40208",
EVOLVE502 INC,8267000.0,19,7,2020,2026,2,OMB Finance; Public Health & Wellness,4,4,,,,,,,,,,1044604.0,I - Inactive,,RES - Name Reservation,"Electric, Gas and Sanitary Services",Large (100+),Jefferson,1/11/2019,,,,
O6 ENVIRONMENTAL LLC,8112864.94,12,2,2024,2025,2,Develop Louisville; Office of Planning,1,1,,,,,,,,,,1305873.0,A - Active,G - Good,FLC - Foreign Limited Liability Company,"Electric, Gas and Sanitary Services",Large (100+),Jefferson,9/5/2023,"6311 Bartmer Industrial Drive St. Louis, MO, 63130",,"Corporation Service Company 315 HIGH STREET FRANKFORT, KY, 40601",Manager: Daniel J. Giesler
CONSTRUCTION SOLUTIONS LLC,7988224.0,69,5,2008,2013,4,Codes & Regulations; Economic Development; Related Agencies; Waterfront Development Corporation,8,2,,,,,,,,,,1562201.0,A - Active,G - Good,KLC - Kentucky Limited Liability Company,"Electric, Gas and Sanitary Services",Large (100+),Jefferson,3/30/2026,"786 Holbrook Holw Firebrick, KY, 41174",Members,"Kim's Accounting and Tax Service 423 US 23 Greenup, KY, 41144",
KENTUCKY SCIENCE CENTER,7921860.82,300,14,2013,2026,14,Community Services & Revitalization; Develop Louisville; Facilities & Fleet Management; Human Services; Louisville Free Public Library; Louisville Metro Council; Louisville Zoo; Metro Technology Services; Neighborhoods; OMB Finance; Office of Performance Improvement; Parks & Recreation; Public Health & Wellness; Youth Detention Services,9,4,,,,,,,,,,,,,,,,,,,,,
Kentucky Retirement Systems,7866678.28,111,7,2008,2015,17,Codes & Regulations; Department of Corrections; Economic Development; Elected Officials; Louisville Metro Council; Louisville Metro Police Department; Metro Animal Services; Metro Technology Services; Neighborhoods; OMB Finance; Office of Housing & Community Development; Parks & Recreation; Public Health & Wellness; Public Protection; Public Works & Assets; Related Agencies; Youth Detention Services,7,1,,,,,,,,,,,,,,,,,,,,,
DNA LABS INTERNATIONAL,7838301.96,491,7,2020,2026,1,Louisville Metro Police Department,4,3,,,,,,,,,,,,,,,,,,,,,
QK4 INC,7799088.49,1229,19,2008,2026,11,Codes & Regulations; Develop Louisville; Economic Development; Facilities & Fleet Management; Louisville Fire; Louisville Free Public Library; Metro Technology Services; OMB Finance; Office of Housing & Community Development; Parks & Recreation; Public Works & Assets,30,4,,,,,,,,,,48987.0,A - Active,G - Good,KCO - Kentucky Corporation,"Electric, Gas and Sanitary Services",Large (100+),Jefferson,7/1/1965,"9920 CORPORATE CAMPUS DRIVE SUITE 1200 LOUISVILLE, KY, 40223",,"Qk4, Inc. 9920 Corporate Campus Drive Suite 1200 Louisville, KY, 40223",
KONICA MINOLTA BUSINESS SOLUTIONS,7754316.23,20135,16,2009,2026,31,Air Pollution Control District; Codes & Regulations; Community Services & Revitalization; Criminal Justice Commission; Department of Corrections; Develop Louisville; Economic Development; Elected Officials; Emergency Medical Services; Emergency Services & MetroSafe; Facilities & Fleet Management; Human Relations Commission; Human Resources; Human Services; Louisville Fire; Louisville Free Public Library; Louisville Metro Council; Louisville Metro Police Department; Louisville Zoo; Mayor's Office; Metro Animal Services; Metro Technology Services; OMB Finance; Office of Internal Audit; Office of Performance Improvement; Parks & Recreation; Public Health & Wellness; Public Works & Assets; Related Agencies; Youth Detention Services; Youth Transitional Services,38,4,,,,,,,,,,,,,,,,,,,,,
NATIONAL ENVIRONMENTAL CONTRACTING INC,7731154.76,977,15,2008,2022,18,Codes & Regulations; Community Services & Revitalization; Develop Louisville; Economic Development; Emergency Services & MetroSafe; Facilities & Fleet Management; Louisville Fire; Louisville Free Public Library; Louisville Metro Police Department; Louisville Zoo; Metro Animal Services; OMB Finance; Office of Housing & Community Development; Parks & Recreation; Public Health & Wellness; Public Works & Assets; Related Agencies; Youth Detention Services,44,2,,,,,,,,,,328871.0,A - Active,G - Good,KCO - Kentucky Corporation,"Electric, Gas and Sanitary Services",Large (100+),Jefferson,4/4/1994,"2660 Technology Drive LOUISVILLE, KY, 40299",,"VCT SERVICES LOUISVILLE LLC 2303 RIVER ROAD, SUITE 301 LOUISVILLE, KY, 40206",
MPC PROMOTIONS,7724817.41,6975,19,2008,2026,34,Air Pollution Control District; Codes & Regulations; Community Services & Revitalization; Criminal Justice Commission; Department of Corrections; Develop Louisville; Economic Development; Emergency Medical Services; Emergency Services & MetroSafe; Facilities & Fleet Management; Group Violence Intervention; Human Relations Commission; Human Resources; Human Services; Louisville Fire; Louisville Free Public Library; Louisville Metro Council; Louisville Metro Police Department; Louisville Zoo; Mayor's Office; Metro Animal Services; Metro TV; Metro Technology Services; Neighborhoods; OMB Finance; Office for Safe & Healthy Neighborhoods; Office of Housing & Community Development; Office of Inspector General; Parks & Recreation; Public Health & Wellness; Public Protection; Public Works & Assets; Related Agencies; Youth Detention Services,44,3,,,,,,,,,,,,,,,,,,,,,
LEONARD BRUSH & CHEMICAL CO INC,7665765.1,9662,19,2008,2026,23,Community Services & Revitalization; Department of Corrections; Develop Louisville; Elected Officials; Emergency Medical Services; Emergency Services & MetroSafe; Facilities & Fleet Management; Human Resources; Louisville Fire; Louisville Free Public Library; Louisville Metro Police Department; Louisville Zoo; Metro Animal Services; OMB Finance; Office for Safe & Healthy Neighborhoods; Office of Housing & Community Development; Parks & Recreation; Public Health & Wellness; Public Protection; Public Works & Assets; Related Agencies; Youth Detention Services; Youth Transitional Services,14,3,,,,,,,,,,30713.0,A - Active,G - Good,KCO - Kentucky Corporation,"Electric, Gas and Sanitary Services",Large (100+),Jefferson,5/28/1954,"1450 MELLWOOD AVE. LOUISVILLE, KY, 402061748",,"W. TERRY  ADAMS 1450 MELLWOOD AVE. LOUISVILLE, KY, 40206",
ASSOCIATION OF COMMUNITY MINISTRIES INC,7467925.0,6,2,2021,2025,3,Community Services & Revitalization; Develop Louisville; Office of Housing & Community Development,3,2,,,,,,,,,,487495.0,A - Active,G - Good,KCO - Kentucky Corporation,"Electric, Gas and Sanitary Services",Large (100+),Jefferson,1/21/2000,"10617 TAYLORSVILLE RD LOUISVILLE, KY, 40269",,"MARLON CUMMINGS 10617 TAYLORSVILLE RD. LOUISVILLE, KY, 40299",
COMPASS GROUP USA INC,7373662.07,1086,4,2010,2013,3,Department of Corrections; Public Protection; Youth Detention Services,2,1,,,,,,,,,,340501.0,A - Active,G - Good,FCO - Foreign Corporation,"Electric, Gas and Sanitary Services",Large (100+),Jefferson,1/3/1995,"2400 YORKMONT ROAD C/O TAX DEPT. CHARLOTTE, NC, 28217",,"Corporation Service Company 315 HIGH STREET FRANKFORT, KY, 40601",President: ADRIAN MEREDITH; Treasurer: Daniel Thomas; Secretary: Jennifer McConnell; Director: Adrian Meredith
LIFE LINE EMERGENCY VEHICLES,7357256.75,650,10,2008,2017,6,Emergency Medical Services; Emergency Services & MetroSafe; Louisville Fire; OMB Finance; Public Protection; Public Works & Assets,8,2,,,,,,,,,,,,,,,,,,,,,
LIFE LINE EMERGENCY VEHICLES INC,7317230.28,426,9,2018,2026,6,Emergency Medical Services; Emergency Services & MetroSafe; Facilities & Fleet Management; Louisville Fire; OMB Finance; Public Works & Assets,8,4,,,,,,,,,,340501.0,A - Active,G - Good,FCO - Foreign Corporation,"Electric, Gas and Sanitary Services",Large (100+),Jefferson,1/3/1995,"2400 YORKMONT ROAD C/O TAX DEPT. CHARLOTTE, NC, 28217",,"Corporation Service Company 315 HIGH STREET FRANKFORT, KY, 40601",
JEFFERSON COUNTY BOARD OF EDUCATION,7259536.75,313,8,2008,2015,14,Community Services & Revitalization; Develop Louisville; Economic Development; Elected Officials; Human Services; Louisville Metro Police Department; Mayor's Office; Neighborhoods; OMB Finance; Office of Housing & Community Development; Parks & Recreation; Public Health & Wellness; Public Protection; Related Agencies,9,2,,,,,,,,,,,,,,,,,,,,,
SOCIETY OF ST VINCENT DEPAUL INC,7216049.66,2697,19,2008,2026,9,Community Services & Revitalization; Develop Louisville; Economic Development; Human Services; Neighborhoods; Office for Safe & Healthy Neighborhoods; Office of Housing & Community Development; Office of Violence Prevention; Public Health & Wellness,31,3,,,,,,,,,,85471.0,I - Inactive,B - Bad,KCO - Kentucky Corporation,"Electric, Gas and Sanitary Services",Large (100+),Jefferson,12/16/1977,"200 EAST 18TH ST OWENSBORO, KY, 42303",,"RICHARD B. REMP-MORRIS 200 EAST 18TH ST OWENSBORO, KY, 42303",
NEW DIRECTIONS HOUSING CORPORATION,7199727.92,769,9,2018,2026,5,Community Services & Revitalization; Develop Louisville; Facilities & Fleet Management; Human Services; Office of Housing & Community Development,18,3,,,,,,,,,,37910.0,A - Active,G - Good,KCO - Kentucky Corporation,"Electric, Gas and Sanitary Services",Large (100+),Jefferson,4/30/1971,"1617 MAPLE STREET LOUISVILLE, KY, 40210-1045",,"MATTHEW  MCGEE 1617 MAPLE STREET LOUISVILLE, KY, 40210-1045",
JOASH CONSTRUCTION INC,7081040.87,500,9,2018,2026,3,Develop Louisville; Parks & Recreation; Public Works & Assets,16,3,BLDG A-RC,Gen. Bldg Contr. Type A - Both,17457,P O BOX 11381,LOUISVILLE,KY,40251.0,JSCOTT@JOASHCONSTRUCTION.COM,(502)664-9737x,37910.0,A - Active,G - Good,KCO - Kentucky Corporation,"Electric, Gas and Sanitary Services",Large (100+),Jefferson,4/30/1971,"1617 MAPLE STREET LOUISVILLE, KY, 40210-1045",,"MATTHEW  MCGEE 1617 MAPLE STREET LOUISVILLE, KY, 40210-1045",
LEGAL AID SOCIETY INC,7070282.64,755,19,2008,2026,8,Community Services & Revitalization; Develop Louisville; Human Services; Louisville Metro Council; Neighborhoods; OMB Finance; Office of Housing & Community Development; Public Health & Wellness,33,3,,,,,,,,,,145306.0,A - Active,G - Good,KCO - Kentucky Corporation,"Electric, Gas and Sanitary Services",Large (100+),Jefferson,12/17/1921,"416 WEST MUHAMMAD ALI BLVD LOUISVILLE, KY, 40202",,"JOHN YOUNG 416 W. MUHAMMAD ALI BLVD. STE. 300 LOUISVILLE, KY, 40202",
YMCA OF GREATER LOUISVILLE INC,7018071.47,2470,19,2008,2026,24,Community Services & Revitalization; Develop Louisville; Economic Development; Human Relations Commission; Human Resources; Human Services; Louisville Metro Council; Louisville Metro Police Department; Mayor's Office; Metro Technology Services; Neighborhoods; OMB Finance; Office for Safe & Healthy Neighborhoods; Office of Equity; Office of Housing & Community Development; Office of Philanthropy; Office of Violence Prevention; Parks & Recreation; Public Health & Wellness; Public Protection; Public Works & Assets; Related Agencies; Youth Detention Services; Youth Transitional Services,38,3,,,,,,,,,,56860.0,A - Active,G - Good,KCO - Kentucky Corporation,"Electric, Gas and Sanitary Services",Large (100+),Jefferson,4/3/1878,"545 SOUTH SECOND ST LOUISVILLE, KY, 40202",,"GARY A COBBS 545 SOUTH SECOND ST. LOUISVILLE, KY, 40202",
WARD EDISONS PROFESSIONAL CLEANING SERVICE,7007455.63,2719,15,2012,2026,9,Department of Corrections; Facilities & Fleet Management; Louisville Free Public Library; Metro Animal Services; Metro Technology Services; OMB Finance; Parks & Recreation; Public Health & Wellness; Public Works & Assets,5,2,,,,,,,,,,,,,,,,,,,,,
SHI International Corp,6954852.94,699,17,2010,2026,28,Codes & Regulations; Community Services & Revitalization; Criminal Justice Commission; Department of Corrections; Develop Louisville; Economic Development; Elected Officials; Emergency Medical Services; Emergency Services & MetroSafe; Facilities & Fleet Management; Human Relations Commission; Human Resources; Human Services; Louisville Fire; Louisville Free Public Library; Louisville Metro Council; Louisville Metro Police Department; Louisville Zoo; Mayor's Office; Metro Animal Services; Metro Technology Services; OMB Finance; Office of Performance Improvement; Parks & Recreation; Public Health & Wellness; Public Works & Assets; Related Agencies; Youth Detention Services,32,4,,,,,,,,,,862775.0,A - Active,G - Good,FCO - Foreign Corporation,"Electric, Gas and Sanitary Services",Large (100+),Jefferson,7/23/2013,"290 Davidson Avenue Somerset, NJ, 08873",,"C T CORPORATION SYSTEM 306 W. MAIN STREET, SUITE 512 FRANKFORT, KY, 40601",President: Thai Lee; Secretary: Paul Ng; Director: Leo Koguan; Director: Thai Lee
J TOWN CONTRACTORS INC,6892741.36,775,8,2008,2015,10,Department of Corrections; Economic Development; Louisville Fire; Louisville Metro Police Department; Louisville Zoo; Metro Technology Services; Parks & Recreation; Public Protection; Public Works & Assets; Related Agencies,21,2,,,,,,,,,,116720.0,A - Active,G - Good,KCO - Kentucky Corporation,"Electric, Gas and Sanitary Services",Large (100+),Jefferson,3/29/1979,"3600 GOLDSMITH LANE LOUISVILLE, KY, 40220",,"VINCENT F. HEUSER, JR. 3600 GOLDSMITH LN LOUISVILLE, KY, 40220",
TT OF F FRANKFORT INC,6862471.5,164,3,2024,2026,3,Facilities & Fleet Management; Parks & Recreation; Public Works & Assets,2,2,,,,,,,,,,1171917.0,A - Active,G - Good,KCO - Kentucky Corporation,"Electric, Gas and Sanitary Services",Large (100+),Jefferson,10/7/2021,"505 SOUTH FLAGLER DRIVE SUITE 1400 WEST PALM BEACH, FL, 33401",,"Corporation Service Company 315 HIGH STREET FRANKFORT, KY, 40601",President: TERRY TAYLOR; Secretary: ALINA OYTSER; Vice President: GARY YEOMANS; Director: TERRY TAYLOR
K NORMAN BERRY ASSOCIATES ARCHITECTS PLLC,6821491.51,61,7,2020,2026,5,Develop Louisville; Economic Development; Facilities & Fleet Management; Office of Housing & Community Development; Parks & Recreation,5,3,,,,,,,,,,551254.0,A - Active,G - Good,KLC - Kentucky Limited Liability Company,"Electric, Gas and Sanitary Services",Large (100+),Jefferson,1/2/2003,"815 W. MARKET STREET SUITE 502 LOUISVILLE, KY, 40202",Managers,"ANGIE HARNESS 815 W. MARKET STREET SUITE 502 LOUISVILLE, KY, 40202",
ALLTERRAIN PAVING & CONSTRUCTION  LLC,6788529.0,280,4,2023,2026,4,Develop Louisville; Facilities & Fleet Management; Office of Housing & Community Development; Public Works & Assets,4,2,,,,,,,,,,939257.0,A - Active,G - Good,FLC - Foreign Limited Liability Company,"Electric, Gas and Sanitary Services",Large (100+),Jefferson,12/15/2015,"2235 Corydon Pike New Albany, IN, 47150",,"MARIA T TRIPLETT 901 E Liberty St Louisville, KY, 40204",
SCHNELL CONTRACTORS INC,6698140.4,197,16,2008,2026,12,Department of Corrections; Economic Development; Emergency Services & MetroSafe; Facilities & Fleet Management; Louisville Fire; Louisville Free Public Library; Louisville Zoo; Metro Technology Services; OMB Finance; Office of Housing & Community Development; Parks & Recreation; Public Works & Assets,19,4,BLDG A-R,Gen. Bldg Contr. Type A - RES,15CONT1374,1343 TILE FACTORY LN,LOUISVILLE,KY,40213.0,MSCHNELL@SCHNELLCONTRACTORS.COM,(502)969-7534x,197452.0,A - Active,G - Good,KCO - Kentucky Corporation,"Electric, Gas and Sanitary Services",Large (100+),Jefferson,,"1343 TILE FACTORY LANE LOUISVILLE, KY, 40213",,"LAURA K. SCHNELL 1343 TILE FACTORY LANE LOUISVILLE, KY, 40213",
SCHNELL CONTRACTORS INC,6698140.4,197,16,2008,2026,12,Department of Corrections; Economic Development; Emergency Services & MetroSafe; Facilities & Fleet Management; Louisville Fire; Louisville Free Public Library; Louisville Zoo; Metro Technology Services; OMB Finance; Office of Housing & Community Development; Parks & Recreation; Public Works & Assets,19,4,BLDG B,Gen. Bldg Contr. Type B,15CONT1350,1343 TILE FACTORY LN,LOUISVILLE,KY,40213.0,MSCHNELL@SCHNELLCONTRACTORS.COM,(502)969-7534x,197452.0,A - Active,G - Good,KCO - Kentucky Corporation,"Electric, Gas and Sanitary Services",Large (100+),Jefferson,,"1343 TILE FACTORY LANE LOUISVILLE, KY, 40213",,"LAURA K. SCHNELL 1343 TILE FACTORY LANE LOUISVILLE, KY, 40213",
ABN RESTORATION INC,6653060.96,604,19,2008,2026,4,Community Services & Revitalization; Develop Louisville; Human Services; Office of Housing & Community Development,35,4,BLDG A-RC,Gen. Bldg Contr. Type A - Both,3024,6244 OLD LAGRANGE RD STE 1,CRESTWOOD,KY,40014.0,I_ABN@BELLSOUTH.NET,(502)241-0250,584975.0,A - Active,G - Good,KCO - Kentucky Corporation,"Electric, Gas and Sanitary Services",Large (100+),Jefferson,4/30/2004,"6244 OLD LAGRANGE RD SUITE 1 CRESTWOOD, KY, 40014",,"JAMES S. GORBANDT 6244 OLD LAGRANGE RD SUITE 1 CRESTWOOD, KY, 40014",
SUBURBAN TOWING INC,6614324.24,28358,19,2008,2026,14,Codes & Regulations; Economic Development; Emergency Medical Services; Emergency Services & MetroSafe; Facilities & Fleet Management; Louisville Fire; Louisville Metro Police Department; Louisville Zoo; Metro Animal Services; OMB Finance; Parks & Recreation; Public Health & Wellness; Public Protection; Public Works & Assets,6,3,,,,,,,,,,545721.0,A - Active,G - Good,KCO - Kentucky Corporation,"Electric, Gas and Sanitary Services",Large (100+),Jefferson,10/4/2002,"1006 INDUSTRIAL BLVD LOUISVILLE, KY, 40219",,"STEVEN A. GOODMAN C/O LYNCH, COX, GILMAN & GOODMAN, P.S.C. 500 W. JEFFERSON ST., SUITE 2100 LOUISVILLE, KY, 40202",
CROWN SERVICES INC,6600006.72,2295,7,2020,2026,3,Criminal Justice Commission; Public Health & Wellness; Youth Transitional Services,5,3,,,,,,,,,,498200.0,I - Inactive,B - Bad,FCO - Foreign Corporation,"Electric, Gas and Sanitary Services",Large (100+),Jefferson,7/24/2000,"777 BUSCH CT COLUMBUS, OH, 43229",,"KY SECRETARY OF STATE 1025 Capital Center Drive Suite 201 Frankfort, KY, 40601",
UNIVERSITY MEDICAL CENTER INC,6577861.85,3938,9,2018,2026,7,Department of Corrections; KentuckianaWorks; Louisville Metro Police Department; OMB Finance; Office for Safe & Healthy Neighborhoods; Office of Violence Prevention; Public Health & Wellness,6,2,,,,,,,,,,32349.0,A - Active,G - Good,KCO - Kentucky Corporation,"Electric, Gas and Sanitary Services",Large (100+),Jefferson,5/31/1950,"235 ABRAHAM FLEXNER WAY LOUISVILLE, KY, 40202",,"JOHN H. BARTLEY Jr. 235 ABRAHAM FLEXNER WAY LOUISVILLE, KY, 40202",
THE STATE GROUP INDUSTRIAL (USA) LIMITED,6568096.73,1192,7,2020,2026,19,Air Pollution Control District; Community Services & Revitalization; Criminal Justice Commission; Department of Corrections; Develop Louisville; Emergency Medical Services; Emergency Services & MetroSafe; Facilities & Fleet Management; KentuckianaWorks; Louisville Fire; Louisville Free Public Library; Louisville Metro Council; Louisville Metro Police Department; Louisville Zoo; Metro Animal Services; Metro Technology Services; Parks & Recreation; Public Health & Wellness; Public Works & Assets,19,4,,,,,,,,,,639649.0,A - Active,G - Good,FCO - Foreign Corporation,"Electric, Gas and Sanitary Services",Large (100+),Jefferson,5/26/2006,"13800 HIGHWAY 57 EVANSVILLE, IN, 47725-9714",,"C T CORPORATION SYSTEM 306 W MAIN ST SUITE 512 FRANKFORT, KY, 40601",President: Michael Lampert; Treasurer: Arthur Cabrera; Director: Michael Lampert; Director: Arthur Cabrera
BOB RAY CO INC,6521006.34,2834,11,2016,2026,12,Codes & Regulations; Develop Louisville; Economic Development; Facilities & Fleet Management; Louisville Fire; Louisville Free Public Library; Louisville Zoo; Metro Animal Services; OMB Finance; Office of Housing & Community Development; Parks & Recreation; Public Works & Assets,30,4,,,,,,,,,,43294.0,A - Active,G - Good,KCO - Kentucky Corporation,"Electric, Gas and Sanitary Services",Large (100+),Jefferson,2/19/1970,"723 LYNDON LANE LOUISVILLE, KY, 40222",,"MARSHALL T. RAY 723 LYNDON LANE LOUISVILLE, KY, 40222",
CONFIDENTIAL,6434345.34,5597,7,2020,2026,8,Community Services & Revitalization; Develop Louisville; Human Services; KentuckianaWorks; Louisville Metro Council; Office for Safe & Healthy Neighborhoods; Office of Housing & Community Development; Office of Violence Prevention,10,3,,,,,,,,,,,,,,,,,,,,,
UNDERWRITERS SAFETY & CLAIMS INC,6372344.46,258,12,2008,2019,4,Economic Development; Insurance & Claims; Louisville Metro Police Department; Related Agencies,5,1,,,,,,,,,,62568.0,A - Active,G - Good,KLC - Kentucky Limited Liability Company,"Electric, Gas and Sanitary Services",Large (100+),Jefferson,2/23/1954,"1700 Eastpoint Pkwy Louisville, KY, 40223",Managers,"3H AGENT SERVICES, INC. 101 NORTH SEVENTH STREET LOUISVILLE, KY, 40202",
SOUTH LOUISVILLE COMMUNITY MINISTRIES INC,6345004.51,418,19,2008,2026,8,Community Services & Revitalization; Develop Louisville; Human Services; Louisville Metro Council; Neighborhoods; OMB Finance; Office of Housing & Community Development; Public Health & Wellness,12,2,,,,,,,,,,66952.0,A - Active,G - Good,KCO - Kentucky Corporation,"Electric, Gas and Sanitary Services",Large (100+),Jefferson,3/30/1976,"415 1/2 WEST ASHLAND AVENUE LOUISVILLE, KY, 40214-2111",,"CLARE RUTZ WALLACE Clare Rutz Wallace South Louisville Community Ministries 415 1/2 West Ashland Avenue Louisville, KY, 40214",
DAVID CONSTRUCTION INC,6329565.36,85,9,2008,2019,6,Economic Development; Louisville Free Public Library; Louisville Zoo; OMB Finance; Parks & Recreation; Public Works & Assets,11,2,,,,,,,,,,116650.0,I - Inactive,B - Bad,KCO - Kentucky Corporation,"Electric, Gas and Sanitary Services",Large (100+),Jefferson,3/27/1979,"1304 S. SIXTH ST. LOUISVILLE, KY, 40210",,"DAVID B. HOLOBAUGH, III 1304 S. SIXTH ST. LOUISVILLE, KY, 40210",
FAMILY HEALTH CENTERS INC,6311583.39,427,9,2018,2026,3,Community Services & Revitalization; Human Services; Public Health & Wellness,18,3,,,,,,,,,,251782.0,A - Active,G - Good,KCO - Kentucky Corporation,"Electric, Gas and Sanitary Services",Large (100+),Jefferson,12/9/1988,"2215 PORTLAND AVE. LOUISVILLE, KY, 40212",,"BART D. IRWIN 2215 PORTLAND AVENUE LOUISVILLE, KY, 40212",
BERRY DUNN MCNEIL & PARKER LLC,6288195.08,146,8,2019,2026,3,Metro Technology Services; OMB Finance; Public Health & Wellness,8,4,,,,,,,,,,714261.0,A - Active,G - Good,FLC - Foreign Limited Liability Company,"Electric, Gas and Sanitary Services",Large (100+),Jefferson,9/24/2008,"2211 CONGRESS STREET PORTLAND, ME, 04102",,"UNIVERSAL REGISTERED AGENTS, INC. 421 WEST MAIN STREET FRANKFORT, KY, 40601",
COMPASS MINERALS AMERICA INC,6256870.51,256,5,2022,2026,1,Public Works & Assets,2,2,,,,,,,,,,887454.0,I - Inactive,,RES - Name Reservation,"Electric, Gas and Sanitary Services",Large (100+),Jefferson,5/15/2014,,,,
LOUISVILLE REGIONAL AIRPORT AUTHORITY,6235117.56,264,19,2008,2026,5,Economic Development; Facilities & Fleet Management; OMB Finance; Public Protection; Public Works & Assets,5,3,,,,,,,,,,,,,,,,,,,,,
ST JOHN CENTER INC,6230314.71,512,19,2008,2026,6,Community Services & Revitalization; Human Services; Louisville Metro Council; OMB Finance; Office of Housing & Community Development; Public Health & Wellness,27,3,,,,,,,,,,244759.0,A - Active,G - Good,KCO - Kentucky Corporation,"Electric, Gas and Sanitary Services",Large (100+),Jefferson,6/8/1988,"700 E. MUHAMMAD ALI BLVD. LOUISVILLE, KY, 40202",,"EXECUTIVE DIRECTOR 700 E. MUHAMMAD ALI BLVD. LOUISVILLE, KY, 40202",
UNITED MAIL INC,6225475.56,1822,10,2008,2017,23,Codes & Regulations; Develop Louisville; Economic Development; Elected Officials; Facilities & Fleet Management; Human Relations Commission; Human Resources; Human Services; Louisville Fire; Louisville Free Public Library; Louisville Metro Council; Louisville Metro Police Department; Louisville Zoo; Metro Animal Services; Metro Technology Services; Neighborhoods; OMB Finance; Office of Housing & Community Development; Parks & Recreation; Public Health & Wellness; Public Protection; Public Works & Assets; Related Agencies,12,2,,,,,,,,,,486057.0,I - Inactive,B - Bad,KLC - Kentucky Limited Liability Company,"Electric, Gas and Sanitary Services",Large (100+),Jefferson,12/29/1999,"4410 BISHOP LANE LOUISVILLE, KY, 40218",Managers,"TOM CLINES % UNITED MAIL 4410 BISHOP LANE LOUISVILLE, KY, 40218",
COURIER JOURNAL,6176805.75,4237,14,2008,2021,29,Air Pollution Control District; Codes & Regulations; Community Services & Revitalization; Debt Service; Department of Corrections; Develop Louisville; Economic Development; Elected Officials; Emergency Services & MetroSafe; Facilities & Fleet Management; Human Relations Commission; Human Resources; Human Services; Louisville Fire; Louisville Free Public Library; Louisville Metro Council; Louisville Metro Police Department; Louisville Zoo; Mayor's Office; Metro Technology Services; Neighborhoods; OMB Finance; Office of Housing & Community Development; Parks & Recreation; Public Health & Wellness; Public Protection; Public Works & Assets; Related Agencies; Youth Detention Services,44,2,,,,,,,,,,,,,,,,,,,,,
SCHMIDT ASSOCIATES,6157398.76,25,4,2023,2026,1,Louisville Zoo,1,1,,,,,,,,,,1055708.0,I - Inactive,B - Bad,FPS - Foreign Professional Services Corp.,"Electric, Gas and Sanitary Services",Large (100+),Jefferson,4/17/2019,"415 Massachusetts Ave Indianapolis, IN, 46204",,"KY SECRETARY OF STATE 1025 Capital Center Drive Suite 201 Frankfort, KY, 40601",
COUNTRYSIDE MOTORS,6151807.0,68,3,2008,2010,2,Louisville Metro Police Department; Public Works & Assets,4,2,,,,,,,,,,,,,,,,,,,,,
UNIVERSITY OF KENTUCKY,6145287.63,1397,19,2008,2026,23,Codes & Regulations; Community Services & Revitalization; Develop Louisville; Economic Development; Elected Officials; Emergency Services & MetroSafe; Facilities & Fleet Management; Human Relations Commission; Human Resources; Louisville Fire; Louisville Free Public Library; Louisville Metro Council; Louisville Metro Police Department; Louisville Zoo; Mayor's Office; Metro Animal Services; OMB Finance; Office of Housing & Community Development; Parks & Recreation; Public Health & Wellness; Public Protection; Public Works & Assets; Related Agencies,16,2,,,,,,,,,,,,,,,,,,,,,
SALVATION ARMY A GEORGIA CORPORATION,6131531.89,365,9,2018,2026,5,Community Services & Revitalization; Develop Louisville; Human Services; Office of Housing & Community Development; Public Health & Wellness,15,2,,,,,,,,,,1055708.0,I - Inactive,B - Bad,FPS - Foreign Professional Services Corp.,"Electric, Gas and Sanitary Services",Large (100+),Jefferson,4/17/2019,"415 Massachusetts Ave Indianapolis, IN, 46204",,"KY SECRETARY OF STATE 1025 Capital Center Drive Suite 201 Frankfort, KY, 40601",
ARAMARK CORRECTIONAL SERVICES,6095117.07,977,3,2008,2010,1,Public Protection,3,1,,,,,,,,,,,,,,,,,,,,,
FBM PROPERTIES,6057262.43,1593,19,2008,2026,9,Economic Development; Emergency Services & MetroSafe; Facilities & Fleet Management; Human Relations Commission; KentuckianaWorks; Louisville Metro Police Department; OMB Finance; Public Health & Wellness; Related Agencies,7,3,,,,,,,,,,,,,,,,,,,,,
WELLSPRING,6042693.47,252,9,2018,2026,5,Community Services & Revitalization; Department of Corrections; Develop Louisville; Human Services; Office of Housing & Community Development,15,2,,,,,,,,,,,,,,,,,,,,,
UNIVERSAL PROTECTION SERVICE LP,6000969.59,932,7,2020,2026,6,Community Services & Revitalization; Facilities & Fleet Management; Louisville Free Public Library; Metro Technology Services; Parks & Recreation; Public Health & Wellness,4,2,,,,,,,,,,826880.0,I - Inactive,,RES - Name Reservation,"Electric, Gas and Sanitary Services",Large (100+),Jefferson,4/13/2012,,,,
W PRINCIPLES LLC,5990400.0,36,2,2025,2026,1,Parks & Recreation,2,1,,,,,,,,,,1076810.0,A - Active,G - Good,KLC - Kentucky Limited Liability Company,"Electric, Gas and Sanitary Services",Large (100+),Jefferson,11/5/2019,"200 Apperson Heights Suite 200 Mount Sterling, KY, 40353",Managers,"Arthur Everett Walker III 200 Apperson Heights Suite 200 Mount Sterling, KY, 40353",
THOROUGHBRED AVIATION MAINTENANCE,5970166.08,249,11,2016,2026,2,Criminal Justice Commission; Louisville Metro Police Department,8,4,,,,,,,,,,,,,,,,,,,,,
OCCUPATIONAL HEALTH CTRS OF THE SW,5913053.12,38,3,2015,2017,1,Insurance & Claims,1,1,,,,,,,,,,,,,,,,,,,,,
KEYSTOPS LLC,5889073.39,4051,9,2018,2026,8,Department of Corrections; Emergency Medical Services; Emergency Services & MetroSafe; Facilities & Fleet Management; Louisville Fire; Louisville Zoo; Parks & Recreation; Public Works & Assets,3,3,,,,,,,,,,112419.0,I - Inactive,G - Good,KCO - Kentucky Corporation,"Electric, Gas and Sanitary Services",Large (100+),Jefferson,6/24/1969,"P. O. BOX 2809 FRANKLIN, KY, 42134",,"LESTER KEY NASHVILLE RD. FRANKLIN, KY, 42134",
OFFICEWARE,5851349.07,15080,6,2008,2013,28,Codes & Regulations; Community Services & Revitalization; Criminal Justice Commission; Department of Corrections; Economic Development; Elected Officials; Emergency Medical Services; Emergency Services & MetroSafe; Human Relations Commission; Human Resources; Louisville Fire; Louisville Free Public Library; Louisville Metro Council; Louisville Metro Police Department; Louisville Zoo; Mayor's Office; Metro Animal Services; Metro Technology Services; Neighborhoods; OMB Finance; Office of Housing & Community Development; Office of Internal Audit; Parks & Recreation; Public Health & Wellness; Public Protection; Public Works & Assets; Related Agencies; Youth Detention Services,28,2,,,,,,,,,,,,,,,,,,,,,
FUND FOR THE ARTS INC,5838953.09,143,19,2008,2026,11,Community Services & Revitalization; Develop Louisville; Economic Development; Louisville Metro Council; Mayor's Office; OMB Finance; Office for Safe & Healthy Neighborhoods; Office of Performance Improvement; Office of Planning; Office of Violence Prevention; Parks & Recreation,6,2,,,,,,,,,,197357.0,A - Active,G - Good,KCO - Kentucky Corporation,"Electric, Gas and Sanitary Services",Large (100+),Jefferson,,"161 N. MILL ST. LEXINGTON, KY, 40507",,"AMELIA M. SWEETALL 161 N. MILL ST. LEXINGTON, KY, 40507",
KAN HERITAGE INC,5751967.99,19,2,2021,2022,1,Public Health & Wellness,3,1,,,,,,,,,,197357.0,A - Active,G - Good,KCO - Kentucky Corporation,"Electric, Gas and Sanitary Services",Large (100+),Jefferson,,"161 N. MILL ST. LEXINGTON, KY, 40507",,"AMELIA M. SWEETALL 161 N. MILL ST. LEXINGTON, KY, 40507",
REYNOLDS SEALING & STRIPING INC,5697923.5,1110,17,2010,2026,6,Develop Louisville; Facilities & Fleet Management; OMB Finance; Parks & Recreation; Public Health & Wellness; Public Works & Assets,23,3,,,,,,,,,,165248.0,A - Active,G - Good,KCO - Kentucky Corporation,"Electric, Gas and Sanitary Services",Large (100+),Jefferson,3/22/1982,"P. O. BOX 1558 BOWLING GREEN, KY, 42101",,"BRIAN LOWDER 537 10TH STREET. SUITE 200 BOWLING GREEN, KY, 42101",
PROPERTY VALUATION ADMINISTRATOR,5680964.44,128,19,2008,2026,12,Codes & Regulations; Develop Louisville; Elected Officials; Louisville Fire; Louisville Metro Council; Louisville Metro Police Department; Metro Technology Services; OMB Finance; Other Statutory Obligations; Parks & Recreation; Public Works & Assets; Related Agencies,3,3,,,,,,,,,,,,,,,,,,,,,
OTTO ENVIRONMENTAL SYSTEMS NA INC,5654390.17,388,16,2011,2026,2,Community Services & Revitalization; Public Works & Assets,4,2,,,,,,,,,,165248.0,A - Active,G - Good,KCO - Kentucky Corporation,"Electric, Gas and Sanitary Services",Large (100+),Jefferson,3/22/1982,"P. O. BOX 1558 BOWLING GREEN, KY, 42101",,"BRIAN LOWDER 537 10TH STREET. SUITE 200 BOWLING GREEN, KY, 42101",
THRIVE BY 5 LOUISVILLE INC,5520000.0,2,2,2025,2026,2,Office of Philanthropy; Office of Strategic Initiatives,1,1,,,,,,,,,,1350029.0,I - Inactive,,RES - Name Reservation,"Electric, Gas and Sanitary Services",Large (100+),Jefferson,3/15/2024,,,,
UNITED PARCEL SERVICE,5513798.47,3195,19,2008,2026,18,Air Pollution Control District; Department of Corrections; Develop Louisville; Economic Development; Facilities & Fleet Management; KentuckianaWorks; Louisville Fire; Louisville Metro Police Department; Louisville Zoo; Mayor's Office; Metro Animal Services; Metro Technology Services; OMB Finance; Parks & Recreation; Public Health & Wellness; Public Protection; Public Works & Assets; Related Agencies,13,3,,,,,,,,,,,,,,,,,,,,,
COLLABORATIVE SOLUTIONS LLC,5500593.27,41,4,2020,2023,1,OMB Finance,5,2,,,,,,,,,,1308329.0,A - Active,G - Good,FLC - Foreign Limited Liability Company,"Electric, Gas and Sanitary Services",Large (100+),Jefferson,9/13/2023,"C/O COGNIZANT LEGAL DEPARTMENT 300 FRANK W. BURR BLVD., SUITE 36, 6TH FLOOR TEANECK, NJ, 07666",,"Corporation Service Company 315 HIGH STREET FRANKFORT, KY, 40601","Member: Collaborative Solutions Midco, LLC"
KENTUCKY WORKERS COMPENSATION FUND,5492553.36,77,11,2008,2018,1,Insurance & Claims,1,1,,,,,,,,,,,,,,,,,,,,,
PHYSIO CONTROL INC,5491947.94,379,13,2008,2020,11,Department of Corrections; Emergency Medical Services; Emergency Services & MetroSafe; Human Relations Commission; Louisville Fire; Louisville Metro Police Department; Louisville Zoo; Metro Animal Services; Parks & Recreation; Public Health & Wellness; Public Protection,5,2,,,,,,,,,,172409.0,I - Inactive,B - Bad,FCO - Foreign Corporation,"Electric, Gas and Sanitary Services",Large (100+),Jefferson,11/29/1982,"P. O. BOX 97006 REDMOND, WA, 980739706",,"KY SECRETARY OF STATE 1025 Capital Center Drive Suite 201 Frankfort, KY, 40601",
LIFESTONE DYNAMIC LLC,5487977.6,329,11,2016,2026,2,Develop Louisville; Office of Housing & Community Development,20,4,BLDG A-R,Gen. Bldg Contr. Type A - RES,14CONT1039,8503 BAYOU WAY,LOUISVILLE,KY,40242.0,LIFESTONEDYNAMIC@ATT.NET,(502)797-3022,805491.0,A - Active,G - Good,KLC - Kentucky Limited Liability Company,"Electric, Gas and Sanitary Services",Large (100+),Jefferson,11/14/2011,"1900 PORTLAND AVE LOUISVILLE, KY, 40203",Members,"Bernardo D Caballero 8503 Bayou Way Louisville, KY, 40242",
LIFESTONE DYNAMIC LLC,5487977.6,329,11,2016,2026,2,Develop Louisville; Office of Housing & Community Development,20,4,WRECKING A,Wrecking Contractor Type A,CONT929683,8503 BAYOU WAY,LOUISVILLE,KY,40242.0,LIFESTONEDYNAMIC@ATT.NET,(502)797-3022,805491.0,A - Active,G - Good,KLC - Kentucky Limited Liability Company,"Electric, Gas and Sanitary Services",Large (100+),Jefferson,11/14/2011,"1900 PORTLAND AVE LOUISVILLE, KY, 40203",Members,"Bernardo D Caballero 8503 Bayou Way Louisville, KY, 40242",
NEW DIRECTIONS HOUSING CORP,5481744.36,857,10,2008,2017,8,Community Services & Revitalization; Develop Louisville; Human Services; Louisville Metro Council; Neighborhoods; OMB Finance; Office of Housing & Community Development; Parks & Recreation,30,2,,,,,,,,,,37910.0,A - Active,G - Good,KCO - Kentucky Corporation,"Electric, Gas and Sanitary Services",Large (100+),Jefferson,4/30/1971,"1617 MAPLE STREET LOUISVILLE, KY, 40210-1045",,"MATTHEW  MCGEE 1617 MAPLE STREET LOUISVILLE, KY, 40210-1045",
WESTROCK RKT COMPANY,5446593.05,2247,9,2018,2026,4,Department of Corrections; Facilities & Fleet Management; Louisville Zoo; Public Works & Assets,4,3,,,,,,,,,,37910.0,A - Active,G - Good,KCO - Kentucky Corporation,"Electric, Gas and Sanitary Services",Large (100+),Jefferson,4/30/1971,"1617 MAPLE STREET LOUISVILLE, KY, 40210-1045",,"MATTHEW  MCGEE 1617 MAPLE STREET LOUISVILLE, KY, 40210-1045",
YOUNG ADULT DEVELOPMENT IN ACTION INC,5405492.36,302,19,2008,2026,15,Community Services & Revitalization; Develop Louisville; Economic Development; Human Services; KentuckianaWorks; Louisville Free Public Library; Louisville Metro Council; Louisville Metro Police Department; Neighborhoods; OMB Finance; Office for Safe & Healthy Neighborhoods; Office of Housing & Community Development; Office of Violence Prevention; Parks & Recreation; Public Health & Wellness,20,3,,,,,,,,,,492977.0,A - Active,G - Good,KCO - Kentucky Corporation,"Electric, Gas and Sanitary Services",Large (100+),Jefferson,4/14/2000,"800 S PRESTON STREET LOUISVILLE, KY, 40203-2322",,"LYNN RIPPY 800 SOUTH PRESTON STREET LOUISVILLE, KY, 40203",
CONSOLIDATED ELECTRICAL DISTRIBUTORS,5395204.8,7354,18,2009,2026,15,Codes & Regulations; Community Services & Revitalization; Develop Louisville; Economic Development; Emergency Services & MetroSafe; Facilities & Fleet Management; Louisville Fire; Louisville Free Public Library; Louisville Metro Council; Louisville Metro Police Department; Louisville Zoo; OMB Finance; Parks & Recreation; Public Works & Assets; Related Agencies,33,4,,,,,,,,,,,,,,,,,,,,,
GRESHAM SMITH AND PARTNERS,5363367.9,806,10,2008,2017,7,Codes & Regulations; Develop Louisville; Economic Development; Emergency Services & MetroSafe; Parks & Recreation; Public Protection; Public Works & Assets,17,2,,,,,,,,,,346555.0,I - Inactive,,GPA - General Partnership Assumed Name,"Electric, Gas and Sanitary Services",Large (100+),Jefferson,,"3310 WEST END AVE. NASHVILLE, TN, 37203",,,
TRANSIT AUTHORITY OF RIVER CITY (TARC),5358331.89,1505,19,2008,2026,18,Community Services & Revitalization; Department of Corrections; Develop Louisville; Economic Development; Human Services; Louisville Free Public Library; Louisville Metro Council; Metro Animal Services; Neighborhoods; OMB Finance; Office of Housing & Community Development; Office of Violence Prevention; Parks & Recreation; Public Health & Wellness; Public Protection; Public Works & Assets; Related Agencies; Youth Detention Services,23,3,,,,,,,,,,,,,,,,,,,,,
GALLS PARENT HOLDINGS LLC,5331519.03,7873,8,2019,2026,13,Alcoholic Beverage Control; Codes & Regulations; Department of Corrections; Develop Louisville; Elected Officials; Emergency Medical Services; Emergency Services & MetroSafe; Louisville Fire; Louisville Metro Police Department; Metro Animal Services; Office of Planning; Public Works & Assets; Youth Transitional Services,9,4,,,,,,,,,,1078859.0,A - Active,G - Good,FLC - Foreign Limited Liability Company,"Electric, Gas and Sanitary Services",Large (100+),Jefferson,11/26/2019,"1340 RUSSELL CAVE RD LEXINGTON, KY, 40505",,"CT CORPORATION SYSTEM 306 W. MAIN STREET SUITE 512 FRANKFORT, KY, 40601",Member: Samuel Bartlett; Member: Adam Blumenfeld; Member: Michael Fadden; Member: Paul Tarvin; Member: Andrew S. Janower
LANIER PARKING METER SERVICES,5324802.16,87,4,2008,2011,1,Economic Development,1,1,,,,,,,,,,,,,,,,,,,,,
BLUEGRASS UNIFORMS,5286500.27,9548,11,2008,2018,14,Codes & Regulations; Criminal Justice Commission; Department of Corrections; Develop Louisville; Economic Development; Emergency Medical Services; Emergency Services & MetroSafe; Louisville Fire; Louisville Metro Police Department; Metro Animal Services; Parks & Recreation; Public Health & Wellness; Public Protection; Public Works & Assets,18,2,,,,,,,,,,,,,,,,,,,,,
LUSK MECHANICALCONTRACTORS,5284466.5,2830,10,2008,2017,18,Department of Corrections; Economic Development; Emergency Medical Services; Emergency Services & MetroSafe; Facilities & Fleet Management; Louisville Fire; Louisville Metro Council; Louisville Metro Police Department; Louisville Zoo; Metro Animal Services; Metro Technology Services; OMB Finance; Office of Housing & Community Development; Parks & Recreation; Public Health & Wellness; Public Protection; Public Works & Assets; Related Agencies,13,2,,,,,,,,,,,,,,,,,,,,,
MAC CONSTRUCTION & EXCAVATING  INC,5234633.37,49,3,2024,2026,3,Office of Housing & Community Development; Parks & Recreation; Public Works & Assets,2,1,,,,,,,,,,,,,,,,,,,,,
KEY OIL CO,5204460.03,3339,10,2008,2017,11,Department of Corrections; Economic Development; Emergency Services & MetroSafe; Facilities & Fleet Management; Louisville Fire; Louisville Zoo; OMB Finance; Parks & Recreation; Public Protection; Public Works & Assets; Related Agencies,4,2,,,,,,,,,,112419.0,I - Inactive,G - Good,KCO - Kentucky Corporation,"Electric, Gas and Sanitary Services",Large (100+),Jefferson,6/24/1969,"P. O. BOX 2809 FRANKLIN, KY, 42134",,"LESTER KEY NASHVILLE RD. FRANKLIN, KY, 42134",
